ph,nitrogen,phosphorus,potassium,moisture,temperature,rainfall,crop_label
5.561810178271044,118.02857225639664,54.6398788362281,49.96646210492592,73.12037280884873,24.027928764370635,158.71254182522992,Rice
6.299264218662403,104.04460046972835,54.161451555920905,35.51461235739506,89.39819704323989,32.82175433040548,181.85086660174142,Rice
5.272737450810651,87.33618039413736,46.08484485919075,48.11891079080595,78.63890037284231,25.785978822574545,241.77793420835692,Rice
5.209240790978063,91.68578594140872,47.327236865873836,46.4017496054259,85.70351922786027,24.595759168058677,227.13516576204174,Rice
5.888621853293063,81.8580165087999,52.150897038028766,39.26310309218229,71.30103185970559,34.33551198429333,294.8448049611839,Rice
6.212596022174692,92.18455076693482,41.953442280127675,52.10582566280392,78.80304987479202,23.586497052982125,224.27653651669053,Rice
5.051582781672828,116.37281608315129,45.17559963200034,51.56305710884955,76.23422152178821,28.76088427531154,232.00654190149194,Rice
5.27728168328829,118.78338511058234,55.502656467222295,58.48747353910473,87.89654700855297,29.772699724544108,288.2811352534675,Rice
5.132738753077879,87.83931449676581,40.90454577821076,43.13325826908161,77.77354579378964,25.527537413060646,274.3106263727894,Rice
5.535129990040383,91.23738038749524,50.85392166316497,38.523105624369066,86.0439396150808,22.96915836783702,298.0330404900776,Rice
6.158367153944987,87.9486272613669,40.11044234247205,55.386535711370854,84.13714687695234,31.477093184532833,265.6905520028919,Rice
5.111066977601135,94.33862914177091,42.317381190502594,56.57758564688984,82.46596253655116,26.30167432308444,159.53375254290356,Rice
5.466473482573493,93.00733288106989,54.59212356676128,50.93893678388033,87.74425485152653,28.13879402710534,167.93913689074526,Rice
6.069867180834493,110.4314019446759,51.22554395138992,54.27417949886403,79.87591192728782,28.795526781965922,214.13115275378243,Rice
5.038128690116142,84.31565707973218,40.628583713734685,50.91026028159451,76.28711962152653,28.611418985141135,286.13497108891397,Rice
5.373938343723313,96.41531692142519,55.11102277086097,40.719954137290564,71.53959819657587,25.766768887878985,174.18319308810067,Rice
6.39454647851386,112.32481518257669,52.66807513020847,56.786514754692945,86.07344153798229,24.425410765518464,283.88384977349665,Rice
5.809013362873476,112.2976062065625,57.92182599846986,42.950086874296595,72.20103849055353,24.96315711304524,214.06616829393846,Rice
6.22702214888374,114.42922333025373,40.13904261062381,47.768682564439146,78.34822006297559,24.887401536119494,167.97980510005243,Rice
5.506422757105442,117.71638815650077,46.464058640415104,47.96976554358415,84.06037917790356,26.727184830930824,295.7673124081441,Rice
6.443670942413167,90.07129183301457,49.94497011784771,42.52195774541924,75.69680988754935,22.479530315608926,241.4346500969845,Rice
5.754018534843292,82.05915004999957,45.572929284732226,57.70664714916634,74.79123781333945,23.8836333371859,223.41791404163445,Rice
6.478475681165901,89.68221086046002,53.44271094811757,54.04049038321794,74.752750879848,31.466812531954176,205.16746990788798,Rice
5.9484587458903695,105.34118843043579,50.71549368149517,37.257244251360206,86.70604991178476,26.170140844632567,177.97777655997814,Rice
5.061162712332146,103.63571772752968,53.55128723684565,35.4146957231964,80.24186116598563,24.944445077573192,246.77591856141748,Rice
5.261549643507487,107.63750952409865,47.734706926010745,58.418249718418366,72.75041888291986,26.43386256365336,167.02102818608836,Rice
6.387040427417844,115.09357413523924,45.15883255430311,51.499601150854474,86.34444400402433,29.21761055079301,229.44758675340097,Rice
5.362778436350678,83.72411071223597,57.944315159066534,57.51045142908326,82.66202914546535,26.40738728363311,202.38143619189913,Rice
6.088933518305359,115.88441039810309,57.741728485302346,54.496888646440595,82.84063292308575,23.093819544935634,174.24430711419205,Rice
6.347831282790619,104.2571623863836,40.18394103233259,37.5367885716508,83.27003538216111,22.065800590000844,174.1212077126248,Rice
5.823100684049879,107.67580790770774,53.03922519005201,40.606732736514,84.24358442695072,25.0842381374584,198.80995472389014,Rice
6.119737107677036,105.98531596188859,56.98446820988356,51.44032230750858,81.36617206670942,23.217771981765203,205.157370458915,Rice
5.397803551522588,89.75958573516334,59.46021109504891,44.82744311666901,87.84093110354226,30.204802137964418,269.2216955312473,Rice
5.7539556396577884,103.07615538505436,49.85035387637728,39.88107469495111,84.44904230523011,25.650040711731126,153.64739496471807,Rice
5.9682084438607514,87.08442717628196,58.80917168705828,58.84821442506468,88.29728780440897,26.812063103320778,152.3184924793301,Rice
6.392477843881588,97.12736593269257,59.33309638087339,59.09049942723132,87.0601891093472,25.827835596904613,207.7646592902888,Rice
6.276705007275286,92.6768802062511,43.38985493372185,48.92003156145876,88.72309548321562,31.048387356774647,235.50917551340473,Rice
5.145764740656153,104.6002890679668,59.801077002085265,38.5021003809131,80.36659304727473,33.40584993506342,261.1152926631307,Rice
6.045523611492902,108.09936335948437,47.1898230243951,42.33979610661233,86.18722310957027,32.53147413082935,280.0608477870155,Rice
6.369860828834707,100.4536959544375,50.03032589374399,54.95737947416938,82.9992786155553,31.125569404350145,269.36890041541517,Rice
6.33500801272635,93.51980627406144,47.511659052798876,37.349548496021725,81.56560281992348,22.467249559357647,219.83970271986902,Rice
5.813966952061365,91.46165008513138,51.81666521138021,35.762506248476235,70.7469637749843,32.693807288575556,204.02859621168943,Rice
5.1905907689778275,100.88973040219217,55.39987106197222,40.39552568742108,82.45780951638001,23.109517044918984,157.75225817529116,Rice
5.797031947352222,101.62540486440426,52.74859802996413,53.15228334306654,89.5170415892507,28.71190452791554,198.4434709411869,Rice
6.192779292153055,90.83329005048297,48.77942841411272,36.96140953355665,70.50701486830916,34.51442939081303,275.3970180768309,Rice
6.043961309140547,96.3581177765708,43.46588640141692,38.91092606677715,75.00485796329191,29.139946641179566,257.18938840500937,Rice
5.990296065076597,91.19735587783771,59.097305613263885,53.44742291739421,81.08708105022801,29.952369701046578,212.94000936416847,Rice
5.371596484251736,94.23890714605047,55.15692220928738,35.359837215743894,72.32145281013833,22.598034346282788,156.1093203478455,Rice
6.28319087601651,108.14631437520094,49.4834765817465,37.445854016275035,79.83231750233665,28.155133020147353,175.98028048650227,Rice
5.65077747385696,95.94018937589493,52.317001961044326,50.877341271691094,70.9060801954409,26.869963990144125,243.87898735713546,Rice
5.754704387870132,114.25959364753288,53.1738726323789,39.073360677035744,71.4113749480086,30.3514506166821,153.97669658124326,Rice
5.878663371910195,117.6092096569983,51.509483557517584,44.70424815516305,82.86576436884707,27.957287576389717,231.84251839739022,Rice
6.412197213164788,95.44410551203097,59.22381127647829,57.63376604890159,73.91582269578593,22.90169691137715,165.11670020661398,Rice
5.027332738477325,83.77771843023713,53.66013546832714,36.77971621150572,76.37951260587522,32.983379042602905,153.4907903603739,Rice
6.2217027238834035,91.27419099093599,42.36329655243313,52.41842913410377,82.57885693559768,33.40713617585169,260.26065657058285,Rice
6.205221395577273,91.28138290285226,43.548790875594456,53.76536879102146,86.13669478534528,34.87656684600876,211.89265153671397,Rice
5.558027128689175,111.05651842967987,46.816070805060356,58.26893314008912,87.16825503686024,27.57692235587524,262.6306601687246,Rice
6.131814311127023,84.12495475343731,58.05105813359133,47.63130931119643,86.52914932215484,26.16064481339795,284.3284842744301,Rice
5.583802518101245,80.43350605921194,58.10763952838528,37.28216691965334,76.38627275180829,34.350805571660466,292.59107204063343,Rice
5.860156832184929,105.27348848679196,48.96891043956639,42.33026929245161,76.57329090739832,30.7427399290015,262.85617941565204,Rice
6.187368565588773,111.58472571178216,41.82412206097381,47.36050761756454,71.15117520033289,29.143875470208563,216.22957520600656,Rice
6.33155627413745,94.03660050208315,42.341340328552114,38.5747920513209,85.23021263434944,30.03683482311139,165.16840141841854,Rice
5.126160209172496,108.0387652583648,41.45526012728387,55.546501482258904,84.12484454312992,23.057534148344697,162.72565711277878,Rice
6.479959367751763,94.9708318302448,47.412842941337814,55.31998918143756,88.94497154767717,34.81801382969732,263.00672778884126,Rice
5.564389378296374,83.34002866794675,55.542938318548735,48.960106243395124,78.48444018493953,33.78260700623157,166.6796223459227,Rice
5.738937656436288,80.45414579069676,49.37321283988253,36.40758189204593,72.37635832536144,23.527841208102362,247.38154531740952,Rice
6.119067318898135,103.33475060388639,59.24345096949084,44.3717644880926,75.71424172563721,33.291788666462985,183.53937577791788,Rice
6.444833809160917,80.48617898759265,59.397576534152776,36.078997798764405,87.82286227396142,28.8601144181219,298.94471941789504,Rice
5.110694847103098,102.15417137605283,59.38605071238198,48.077446104253724,82.58797276270525,31.044732956800026,218.181159715166,Rice
5.941337120126095,103.372572476924,58.02316020981978,36.136159508536444,75.6192637918446,34.355349292995264,283.53956758363745,Rice
5.683485129178569,104.80530391206148,45.54762365962265,39.70302899309403,79.27396809879964,26.593578964338686,237.5484167776308,Rice
5.116601955447477,118.97579230664667,59.72421488959206,52.45404285049363,80.72192732688241,26.02385901172226,272.0692529560423,Rice
6.027096758830819,86.50467757379565,58.21854368987685,55.56343107307923,88.99599826583848,31.434353609048678,242.01227939036846,Rice
5.627364554435928,117.30913933416053,57.32127779000817,36.13046675265473,70.52733948994504,26.894023769414645,271.58299961727494,Rice
6.480914193972417,86.01667564414113,51.8826143070427,44.522271415775535,89.39828795629207,32.94754600076421,275.74930570667067,Rice
5.703039739692455,96.5927800935066,45.468141438614126,36.40938741627318,87.29444752510106,32.56771311869101,299.9576509929196,Rice
6.494955255610858,102.2172682241051,55.379748303610214,58.619143247060705,86.99294781354823,25.21552532266157,217.58162029651402,Rice
5.1937391227272425,118.1620410903489,52.1234926890176,40.71607013758657,83.43401368811713,30.035667125952646,203.72440770492608,Rice
5.170336388299443,106.86292782371198,50.40615401807587,54.30795979339098,80.40327002223987,33.07835950414102,232.78602581617284,Rice
5.84140695730308,115.06614410633381,48.06965732424794,38.35038071126602,70.57565352626678,31.816784323757048,243.04643270301972,Rice
6.056119652148835,88.51856646035642,42.727429511735394,35.36361664169705,77.01175117613194,29.66892992911023,208.83660676495984,Rice
5.6562123830355935,116.16634777974994,46.96510934046601,47.84973722899527,85.67306025482286,27.15505617017651,243.313005034181,Rice
6.293545563120118,117.98082494630569,42.94146961858076,58.16469062903736,79.84232586159077,25.35717704788646,218.8703634357392,Rice
6.470048862928215,99.70472375971478,46.57503220575016,50.835021357918144,74.80291237556386,22.98622326541263,169.3319582865974,Rice
5.192068758436658,86.07610774049178,42.7765434529882,51.02186862008037,73.6376016879829,26.493674683210223,284.5182614859018,Rice
5.710942460394309,106.70230954084109,43.4463974240326,39.80722547021677,70.81737232532957,24.196155819938138,191.78855085479378,Rice
5.265515726415121,83.54810135028222,42.412717422012015,46.51946920081814,74.12667436811586,26.73550819362498,225.51259062822854,Rice
6.035592242944048,81.57248559364396,55.98820797818085,50.697509737272696,71.63518063897743,33.3565221133881,288.130860079772,Rice
5.091616939782296,91.07510592588815,56.12402559586123,53.70649225959146,73.69042038712755,24.721541203377235,205.5708154187073,Rice
5.726784477786532,104.73019086121184,47.378272791395446,46.5633679033287,84.94941876267512,22.476881637577772,187.8655416516031,Rice
6.070024378826829,115.80827350748797,50.233548842313326,48.30283713163289,72.14344022679552,27.81636076870491,229.89258996825347,Rice
5.363705755452094,90.76972923797524,47.54568326209245,35.50177994444316,76.44158331166356,24.74882409095508,199.12460282668718,Rice
5.179643197728877,115.6210912295958,51.87184907108097,51.97755797861224,85.78342477214676,28.479748586077744,163.03804321311355,Rice
5.805659812727821,103.47364472083517,54.908789483686604,45.791488655741986,72.55160605591128,25.68908677538342,204.46234445979525,Rice
5.968875861997402,102.83113218675648,47.12193451795692,59.66288121982449,82.11549638713774,25.08394829256793,165.26737089306056,Rice
5.229288708776498,89.83830913538033,43.21362746519112,39.66417560128264,75.70190337387695,24.253856738831814,284.5148136939638,Rice
5.120350618492464,100.98045558281018,48.20793653979323,59.559465422715164,72.24077804336105,27.172122787594642,295.42056499130535,Rice
6.298260688840971,112.68288283797119,45.1580565408988,39.272189684751645,83.37286439848862,34.08188785865862,233.51443395208946,Rice
5.85741903420485,91.19916374641137,55.38985866383874,39.67609371393809,76.47358472808487,27.530673702013416,226.14155680266825,Rice
5.36361459862262,84.59347298956814,52.21240084883265,42.21576383100639,81.62476442845224,24.00671529856463,222.17101527822263,Rice
5.798884148827379,82.07294147289707,46.732085563878414,38.36036692347436,71.26749940945535,34.869483021069286,198.35307674620844,Rice
6.214811668781953,90.18562619055055,53.63005444447859,54.00569649724216,81.91277481215688,28.13049045115206,211.7761371220903,Rice
5.523302399814493,117.18116576991304,56.61238815575459,59.12567276666282,72.4859444697109,31.501277177647374,290.7510685231557,Rice
5.27184959924849,82.65985069467109,54.82241298580118,49.3618278294978,86.83657553516544,23.817040896141762,269.2900967789835,Rice
5.302440980071617,86.54623771462818,43.28531595861986,55.364368005784556,83.303944413924,28.79985052199855,203.82457261852537,Rice
6.315800811219662,95.69780429690542,56.33198878943154,45.97837271425546,77.53888858849815,28.014837213704883,195.2066811246213,Rice
6.121414070264377,100.10881560369917,44.64425390293635,57.48936433186421,77.67782442746423,29.066187194481852,285.97081664468203,Rice
5.936356993870988,84.67592162833456,58.796642472269504,50.692701326785446,76.69811229314172,23.810536944624033,269.1037783905444,Rice
5.9301091338927705,101.33844367905286,57.87785166101915,54.714930280613274,73.03349759465502,26.052386881342127,187.27337097216986,Rice
6.115919438859016,81.34129738943118,51.39779369742633,54.06146714351726,87.53531273523498,26.447062733306797,273.1885957008019,Rice
5.165947605432811,113.85809166938073,42.549773246639646,44.932182264009185,85.94590731559107,23.948926555534058,184.38770928489623,Rice
6.0833788525895995,108.80146146184298,52.82295265770595,52.3487111116775,80.85448886695193,25.273387765790385,201.85439902558792,Rice
5.272396575202139,116.33802245334513,51.66783589532241,45.021285419091,79.24011607288266,34.3146834149536,173.00271046741204,Rice
5.879344748025196,100.23554715537864,52.22908470869296,35.452754595521014,87.44247817888302,34.11753767228696,234.76997753838134,Rice
6.044976235815339,116.89997524709183,54.14477268626797,38.81347607285653,81.52576720333626,29.887295602977126,213.61960069535792,Rice
6.104666353437084,117.37468059076059,58.51137025813553,46.2709842851033,72.2647609168151,34.80293558651035,275.83471296689015,Rice
5.1869940218049,116.83367530469489,57.39792724124257,47.97095142815181,81.82550871489859,27.187035150311694,158.2142458233047,Rice
5.502795862468851,112.11413794392045,40.092640460092056,43.3374792922786,77.96337387181887,28.986142838192997,287.97834246191405,Rice
5.519518991548942,93.8781280758491,54.75002496219497,46.30544852224518,74.49209645879964,27.881713709725013,171.12855305696996,Rice
5.264580479759335,99.9347109095792,48.37850899009096,57.8711475267025,77.24787798233267,29.547648553614565,244.83964318792954,Rice
5.0196416848825,106.54149488066842,43.56071933739503,59.026757936736374,72.97325455506225,27.39011360845131,162.80245021179658,Rice
6.495311377768921,100.08780041324971,51.90770034640087,36.67691193471069,84.99920940798356,24.728772710242616,284.7081434161071,Rice
5.307709460723011,87.62750882654666,40.730993356961896,46.80167362774998,81.29682266525234,22.85421231256858,266.3291425042516,Rice
5.679933252122042,100.9756107731032,48.81525493876456,45.01907652188315,81.19280662616436,24.018123197099264,177.28921957429066,Rice
6.292678431520276,117.84461848534531,47.46618632559506,41.76861682858885,82.87999086478031,27.313544224275255,153.80795334905173,Rice
5.234228896049285,108.6388891538959,53.17847883820303,35.67739981258709,74.43944323865898,25.00397235564493,250.78391153980925,Rice
5.029565806631546,84.16434327938295,55.99832170746379,39.46361655135834,83.0549221570375,25.096376153607444,164.91620891390178,Rice
5.364758286499181,108.89067727422636,57.11392936212572,55.75549661417479,77.9436705923691,30.6851067754184,180.74764431237315,Rice
5.43972159539152,115.8534327408448,40.260038470214724,37.137713271361704,74.15772510292055,22.344918650359656,177.2153152634696,Rice
5.8745623414545385,96.85698202369991,57.8534342215395,55.436089043461024,76.83634703395752,25.372504634606802,206.95386122509004,Rice
5.8854424137722114,90.72254563291506,52.48297815698268,45.235291304781015,81.0409436170396,27.669644878759115,194.16986393128764,Rice
6.422679960443235,110.54423176639042,42.80226351532905,56.711699397447816,79.74862396499027,33.62917894962319,269.9782883920973,Rice
5.637820256703851,80.8987723328047,45.37354718769892,48.54085536652167,82.66956439652294,25.35253991063163,170.90341111092363,Rice
6.252395355198948,119.37608722814208,50.51380364605372,39.29198214620759,75.44614653038738,22.239078795117067,287.14482098407484,Rice
5.176626624335212,103.06065902057014,45.48110441374412,48.854450062894834,83.02840776703728,32.78664344819362,180.96319076409048,Rice
5.016493742987721,85.47542520275229,58.0003728369621,56.847251939062886,81.94826204340616,29.806719185637494,249.7555011819383,Rice
5.263056917935175,116.5764778369984,48.375410497841465,44.57846320623744,80.37835410565675,22.610557568075716,174.9425053134119,Rice
6.107050424639556,83.31194671700506,52.06304218932776,41.133727742033024,77.78591228083953,25.7530185780191,203.35090746974237,Rice
6.078568857776368,91.88486862492701,51.32809280593794,46.90126005497749,83.27342330725295,34.17878661122185,259.88581458153755,Rice
5.322410567886135,81.24732540245138,45.2452808859965,49.87694826750637,71.02851626968501,28.45276121361607,239.5264273375334,Rice
5.501365836225441,110.83648814983287,42.131965062675434,36.87844454339522,84.56377512407207,28.44138711068058,253.2603594641604,Rice
5.652241007905619,89.85608132956428,56.38204635348399,54.985396974224486,83.89392941708854,25.537886783989514,238.53460003036307,Rice
5.5414608454100405,83.66328293306536,58.34627150924486,38.42046577297403,89.00474707641605,27.798075048453423,177.76993932579296,Rice
5.8128514210675375,114.91783343505634,54.644497728191226,55.16402869653624,83.17566733421435,30.99959533873208,277.3793477347979,Rice
5.374502013288779,99.57699854572562,44.42418883639205,59.69170019991617,88.88118679373227,22.512548547790576,255.83627587735327,Rice
6.387872476123499,87.22301380509334,51.35890461105259,57.887207439701044,70.67891957171598,31.06646347420892,194.6023511058826,Rice
6.386594293064796,118.84232980661471,58.88532978226868,46.855355416436595,87.24085301978627,32.97914218095592,197.86507098648835,Rice
6.243373211226016,81.48030538861971,51.92539756964106,40.750220932192576,72.41133771554557,23.00039162117972,254.44331638172096,Rice
5.509812445652099,108.99067086115046,41.30712681597885,42.88225844576526,80.78982584750675,32.27940114290652,197.81287543981048,Rice
5.938837064655513,115.43910992944748,52.31726376364609,40.82398686884085,70.48801563113076,33.31128536071209,153.19041162755806,Rice
6.312052509026299,101.15748536108848,58.781353970257925,54.96958089434163,89.95868221066675,26.559253600872232,265.07824333966903,Rice
5.6028963704138635,99.19502481215636,52.5501092643674,56.841927854658465,89.6816693839859,31.987554380238734,212.66501732510005,Rice
5.632035503415605,109.50329206355566,44.775542915366046,37.761852828284866,77.09244315281553,25.734106891503064,194.4462180683985,Rice
5.350411626574865,81.68372758545448,40.35747869466827,59.69305974340079,78.55546267471725,26.996246413075863,251.94709240396048,Rice
5.327380831797596,117.99844735800902,55.72690028831104,37.23527505780649,78.35161551569857,33.428537998308144,291.70980334371154,Rice
5.701102266874805,104.53645556842831,43.3406789218415,59.779215653424416,74.63343402766887,34.25551306375664,247.44699734885526,Rice
5.911605192318289,100.50754044066034,44.61339623435517,39.41320080013771,74.4097241814035,24.42369740787531,266.937671035013,Rice
5.525187888750095,82.31370706253585,59.38205260281623,57.09464712408564,88.55504566390425,34.933801694403655,176.0842873829231,Rice
5.594363028353988,110.32953902816365,53.92041236107585,38.84739765849638,86.31666249981235,24.91772743387659,183.57264222339347,Rice
5.80546163434012,103.71759739366813,51.60172415675622,37.28717093494387,87.5492172526076,25.45280055365318,169.42723819242062,Rice
6.333122119803466,118.22605992919014,57.24255234530901,55.23790186812195,83.10483961278044,29.16114581791881,163.0480139867115,Rice
5.612679819606048,94.90754068049256,45.195075675206525,53.08550284221462,79.91751470157541,23.053600806799423,183.0274802924717,Rice
6.024888145489394,83.04523437961201,57.02413828097538,47.37866317534936,79.61173154653297,29.70130120057373,273.7021448887724,Rice
5.52171381185329,107.12064610236254,51.31463927991582,41.675706754235534,87.57259972710315,32.36653828089007,248.76777519876384,Rice
6.275872593641363,114.6917680383921,54.1672595343007,55.925333209091804,83.94942923338567,30.841830032883905,242.79170673227765,Rice
6.129074959336462,86.34420421172295,57.617415183978565,56.7960881936308,70.58494566069118,32.73561775734191,169.3304801210168,Rice
5.502678281388713,109.74033025166432,43.21519792096616,55.44917560297655,86.64268355915485,28.59708053889087,150.95788075752503,Rice
5.430557199762369,104.67707673502969,59.62372356054847,50.79533817541671,75.1960716212832,30.242074140294946,230.99780695737832,Rice
6.169768092726716,84.27922555307833,55.22055805004056,48.531664466902754,89.25984007717989,26.44433815850292,244.89328397009223,Rice
6.398042158265026,84.10038911962717,58.74456974472902,52.197143057520336,71.35674118210343,25.912526370308612,256.22581329679224,Rice
5.101025902203157,103.28681840705093,46.917661139059135,50.52288794418693,70.91484067625025,33.329978479980895,296.02334537660954,Rice
6.453316782928537,109.986073269717,42.60172480261264,53.95657989822556,70.49173832917603,22.287606169876966,198.5415328724312,Rice
5.732964785606999,110.81629671231173,53.665907532130106,46.14756765941871,75.47253332563332,34.96261850205025,213.92719533539594,Rice
5.677080536494513,86.54495284766676,55.89619097499859,52.34205564453721,74.4153922557752,23.070953593005957,252.07489531120694,Rice
5.981766821421703,90.93038107992837,59.0172712450082,38.776447294522505,78.64669602085203,34.26700696217878,212.95909753891834,Rice
5.957788921496128,95.90377591851177,45.4843040469734,59.599441198995706,78.18668012630086,33.62328964782875,184.49319088366292,Rice
5.319657056037625,81.24536331538046,53.0333365075177,44.21315859309403,87.28716499679274,28.151728786990244,295.22901418720824,Rice
5.278288273554682,114.74492671822443,55.53193705583483,54.2730461161013,86.89566456233776,31.893311882258985,243.93304824471232,Rice
5.196867316523582,81.30104717965008,58.41695695631374,50.41625786301845,85.93074581952352,28.259790569663153,167.59622834435916,Rice
5.187778688303825,107.42261148915885,48.60611789798925,40.013118167508416,79.83189093482873,22.83471618197674,237.2957102871598,Rice
5.403490106652646,111.90236402548753,46.207239178471475,46.38050372704503,70.23241079816201,22.941809541329267,208.87403346100274,Rice
5.719908252075685,104.00082192477214,45.833251574186065,52.37454715316356,87.2024479437841,32.13806285561355,155.94282380225357,Rice
5.7207604208867435,84.197207136727,44.84090031725055,59.66656483167866,72.84991085803027,28.48554599486763,242.72336014771787,Rice
6.053697455816156,102.38594733947656,40.195416948383674,43.1615327060998,80.35423286769424,23.142264488882834,202.59403968137713,Rice
5.04980466318705,83.14313988620083,47.93846552403192,38.317893851076505,81.35081696523116,30.963044598784457,270.08800486636244,Rice
5.300225366367215,86.69930329036279,42.091356806688005,50.91075623859092,84.12951452973802,22.410619882733346,290.4318369365535,Rice
5.077956925477209,101.65185341204281,54.18121038901833,56.77422809365214,84.28173864264855,32.4224650799073,200.9175288814209,Rice
6.222237670619768,83.204593855387,57.89633312121055,48.689809403843405,86.34595539924987,27.8801376987379,246.53665427947874,Rice
5.78960399140417,109.26358087021327,41.632599640611794,36.5088020997641,74.94206468020293,24.07408084147145,280.7675349888302,Rice
5.328820981037066,119.03461023276526,46.737915835422136,39.55294789221748,85.79397014284959,30.563201081511387,224.72935746797083,Rice
5.833045326406447,108.76807113089055,44.56909482662597,59.90834790141855,89.49586324293566,30.454233922510177,179.93136763937179,Rice
6.020342363646937,82.88793635916703,40.61305004411612,41.442072212780346,79.25245913478632,33.28754257030894,259.0753604649462,Rice
6.114059781799972,97.01973337792302,46.91869985093926,44.27596907461507,89.75299127472115,22.521419488362273,280.0547244183673,Rice
5.86801311285859,97.54461676758362,54.50515320830273,47.16672353561757,87.46846476163321,33.70912423214636,213.25813903101832,Rice
5.415241695852577,103.69401314373448,58.24726691233382,40.26655472514167,82.45933167126965,30.210282861202767,259.96695336229214,Rice
5.1973515276908895,108.63299858728354,58.18065041331282,39.49207772175605,74.75086649847755,34.628136222541315,177.14654290642346,Rice
6.281577640054369,99.69111425792138,44.94462148806354,56.768747531812785,78.90610510005331,28.69262560108597,203.88500540996486,Rice
5.889426277152391,86.54095490340092,47.821630733035214,59.23530805838219,75.16266865402255,30.5375766390368,198.77850963370423,Rice
6.160209688529901,85.23494642873399,59.39642090157089,46.34473853459098,74.72100926692929,22.955457715290166,175.4636857631311,Rice
5.779660922834027,93.48012705725145,56.577667317652185,45.77218809154515,74.97428545175259,30.02288482585239,256.01658253281687,Rice
5.250562861851424,86.7047686515327,40.73342853867086,53.41005037664101,83.2760905524361,28.17020138474758,276.6255673453796,Rice
6.2085052294250795,103.41417457587008,57.36542561026518,40.1460302509192,72.23839238795456,25.506744949720865,158.56302841339723,Rice
5.796754292001548,117.46422769179846,40.78687081337019,38.05274785025067,79.0439805656687,34.14037522786276,197.42341574651257,Rice
5.760852213032589,81.66291436201568,42.966864019241775,59.665753073971175,89.30237392872091,22.064219752147324,292.77176781348584,Rice
5.95867990672325,114.71673178080088,49.094797112677185,47.88990071448126,79.7769316051384,30.669235348099356,170.94768821344692,Rice
5.044960384809017,92.31719766364763,54.09361525473294,40.04633630307371,83.46864866649835,34.608856599394514,164.08510736841276,Rice
6.0089031773376895,97.75000877218284,57.362845087550106,39.42874473618465,83.85251904452329,32.89549876542543,291.6921329211035,Rice
6.024872042434469,99.8869905603371,52.35694480402428,56.72262461196796,81.4121949327766,22.39503177605888,289.64230432604666,Rice
6.034290126547342,107.06053543108986,44.31350304795434,51.47213675581643,77.87728811308317,30.466028701539397,165.9889545461986,Rice
5.986767956904554,119.97654903082666,40.96424077721112,59.429354605532936,78.13815921445742,33.31979485438437,267.357822608741,Rice
5.850524391480001,109.53796837005306,57.57031122602696,45.10350804127582,76.54066323126477,30.6787140123266,271.1768912911888,Rice
6.1434277021649235,111.91254595434538,48.711666296258656,55.445855404375536,72.40418110741217,29.078358273491045,150.86379907471823,Rice
5.486878744850405,94.65846139485592,47.92345383218511,52.38668016724655,77.77116202540691,27.8330170940929,185.63161963114914,Rice
5.55987768744401,89.09078509052605,41.46391847536887,50.086214834534445,83.36425597110032,30.053374498124988,219.52410657008585,Rice
5.5696786702688446,114.53334598287302,50.38163570272436,46.979546940743276,70.51284131612871,26.436221759140032,207.02934281787856,Rice
5.598234171345351,103.2068947690933,50.672050934537566,50.197627319836116,85.29766523084257,32.568814603309214,257.71846143397414,Rice
6.433285543932402,80.72930330705447,43.91555971367092,35.18907187445355,82.94949428309206,33.67439713634983,186.5223444864449,Rice
6.39055181719446,82.41069561158244,58.68872053611028,43.79056718099086,72.02841656898433,28.316332869422233,188.5164851580762,Rice
5.427309352942884,92.29159859705146,56.06051795665327,48.47903191688136,76.22615398312007,29.93433918304194,257.422601133479,Rice
5.408936001100301,96.54196406101406,42.437721866738954,39.52873373836701,83.62235707929966,24.35869852004315,228.774507550059,Rice
6.0635693925836485,84.27507692378975,51.34624439257807,41.41406959253409,89.2585375047516,28.286093407359022,270.89888246627373,Rice
5.825339813234392,81.73650131419276,52.66302751188044,58.78508355516642,82.03223640292663,32.64945517254827,282.63096950226117,Rice
5.342119657923399,88.48179359632907,52.21961977701984,45.27571174516762,86.7972260573344,33.700300604174146,203.01320689540773,Rice
5.355305838461723,111.22102060975448,45.49612071096272,55.56535796284196,78.47476507297526,30.678148690789115,164.33029707520024,Rice
5.93578898701486,98.07070714948917,51.73216926350948,39.20035519362158,84.73747489888365,33.21636200806197,182.51097001361634,Rice
5.143571833280243,80.94554344185346,52.83943000886532,50.177350902219516,80.9339482542814,25.01531224950768,208.6358993858272,Rice
5.8917145027792595,99.87067435436677,59.755710404297744,38.41099381391833,83.90289108095187,27.2561439853558,214.22994223884223,Rice
6.076396648487265,107.69744605297478,59.825119874043764,38.20985723635313,72.08219298768333,31.416404622673635,236.75803755096138,Rice
5.411240999839709,83.17677475955946,41.71316499192861,57.35477186660296,73.83734649437486,26.203830307501768,183.99846033404822,Rice
5.532494458747906,82.77695370984374,50.38119581816541,36.69031408980537,86.00713015644723,25.03825706483563,231.0017871906766,Rice
6.320118631342187,106.03509476188776,50.65915573102671,43.10834382788439,76.66003826116396,30.703330417576474,299.1209041831751,Rice
5.992758784774068,102.311336694801,54.61301020478492,46.63014030709296,71.20284685201571,29.309858606412828,293.64379267580705,Rice
5.262954413536489,107.60019563282663,44.01867377318113,48.39569211182703,71.9335289929344,27.854822171356407,263.4244993342869,Rice
5.521357286358473,106.59646897948872,55.90899921579458,58.17944548698632,74.69284163710907,27.191106905521007,172.86240199956262,Rice
6.488725253237563,117.08003871697181,50.799142605611195,56.050832359410535,80.41915954544085,30.106613944035878,163.3686648174025,Rice
6.132905630745212,85.1085393454094,56.521352605050566,54.55070219175965,84.17489395485953,22.470084946821906,195.4692533917993,Rice
5.394668854866264,94.40545629886077,41.75285493527677,58.42394557577657,81.07604481424752,25.971816038554305,209.5472275611425,Rice
5.670803810757254,104.02377333442469,50.313588553929954,57.98479933036043,79.9392696581166,34.898054192703064,277.7137436617644,Rice
5.312765771536004,117.22380858575664,42.32732795770952,55.43624271227979,77.6124658695316,33.413666165785905,280.20850351611756,Rice
6.208888100176432,111.60121745228246,46.09358278196082,37.0229820762813,78.05960357530323,24.25581869482461,254.24266333536926,Rice
5.519149589806679,119.0244080343966,52.81944154690664,55.56201409085902,72.65049345483696,33.20618826954409,288.41357857700916,Rice
5.7305928782284035,104.2501175100391,55.29619601805991,39.37096568151031,80.05132152926885,27.18261936104007,171.95609882433737,Rice
5.551301633437297,82.72689237541974,40.51623813898974,38.37915722887057,89.26230223178348,29.143883966635222,294.87332417298296,Rice
5.648746817495198,92.47264532341038,50.122837256804885,45.98779221582275,72.11329368523488,30.33074209097268,182.40572737643993,Rice
5.929381932346744,106.00804369592613,43.04049706257296,36.5337406777667,85.6152317213688,27.977405509001162,158.72456932582136,Rice
6.492299475754651,82.31122243985466,53.90070457717106,59.59197313158534,74.78360208431852,23.84924179293355,168.20774091336432,Rice
5.454912721351393,84.04183244042586,53.84322683388264,36.55729495325157,80.18844256299579,34.9570591000887,272.0955404259028,Rice
5.922829157346516,92.25014483146447,52.47791672583277,48.17603659779129,78.52166767780743,23.699234897622592,282.99063228606997,Rice
5.674676973231984,87.7849004728306,47.355187017545795,45.35324381322317,86.55075791133748,31.536986947298224,265.39573404620097,Rice
5.0165468966429705,96.64615992719047,49.62688303270647,35.479806920576415,75.19626417490069,31.883767700587754,170.56645585934984,Rice
6.802965197178888,66.45605616051712,30.242415492877864,33.61802186399312,59.517475098201075,23.015371118829897,146.9682483240775,Wheat
6.731781065889543,63.2920859603251,40.95918977947386,36.81566001839941,56.887141654792316,15.980825807842447,111.61808527663337,Wheat
6.225072997040977,69.7402778067018,44.747141547755994,37.1402719405315,47.51776570291538,18.94476278570035,109.45850763044899,Wheat
7.177524815755586,86.76254066820704,49.10669373007856,41.80355079382943,46.308137914960255,21.881347060865423,107.8202343041544,Wheat
6.382005933069077,85.22614738277768,30.7685269792465,43.52642988203135,49.22954929249468,21.372014768082806,124.4515441654337,Wheat
7.3426766110598045,79.10009046501622,42.27867169520124,30.99978060841035,50.368160438904084,16.501690008170417,130.3075326541114,Wheat
6.7683328812190116,80.4068333762506,30.833458012047686,31.271880240687047,54.326467761253646,15.720843359986734,80.3442545823944,Wheat
6.018162712852331,88.6950419489844,44.75016718918014,35.29877112753096,45.930711625753105,18.497032297458496,133.09901483858863,Wheat
6.992055916605621,65.55586703602404,33.48218670668169,31.47593474570096,53.206054394026765,22.643726622217358,94.8784821243753,Wheat
6.0314174415463695,62.46515002429282,49.357200696900605,34.43167166216131,55.384462956762675,21.24663568854264,103.64547297396719,Wheat
6.308530893293333,63.64159254478219,42.30025936077733,41.61950670956682,52.878085070822614,20.303021332491582,78.14634175737272,Wheat
7.4527331663915755,83.96142574963724,35.856440734019294,44.69955494038276,52.037631792726444,20.824226582072463,131.1054884572149,Wheat
7.217654682135207,79.69435821994509,32.561914927324,35.07401258991747,58.561672806520995,17.24615611843852,102.9125267878135,Wheat
6.648115324416294,73.18214969083357,42.25879164989051,44.146137566170616,44.8138542366501,16.215013763009182,89.8102867394953,Wheat
7.330387350313904,79.37432437965617,35.7181357847832,42.23920408452926,57.22739992726872,23.46514338690278,143.91949002296658,Wheat
6.378361530260042,82.65125786238835,39.2107899454828,42.62997829335092,54.569813543232264,22.764474464997246,124.21213782608037,Wheat
6.266143154204561,76.35080756690814,49.69339479049016,44.06082099745679,40.863474715940235,16.648148157294372,84.87965800909214,Wheat
7.088969864977943,84.53355989570835,34.27022732621344,37.587790394277434,56.814060560224,22.328015447662505,115.66779041188863,Wheat
6.885521535688159,75.2508164074884,35.95096902637641,38.47532989288524,53.777706041001814,23.733229158608076,122.7218515484436,Wheat
7.141682305564737,64.80214904863719,39.2311494883958,30.1399742974064,44.93357729043246,22.264617151130047,149.38574635120227,Wheat
6.148767149380824,72.04482947583864,46.00141937398319,33.06053451943348,51.101698986045726,22.330712960296747,121.19890876951342,Wheat
6.282037101923124,70.66153706057219,45.675835689707945,38.31339771198025,40.104592270858255,22.609907600280938,77.64835162051793,Wheat
7.118600674096848,66.07441680495712,49.161469602387605,35.519111269531265,46.53863232676158,16.488880503324445,97.92031616176612,Wheat
7.314976142742301,89.89003012881741,37.36619061013697,36.72915946431814,54.441418764054745,23.861957804650743,119.47832506400881,Wheat
6.587288547266744,72.37865522545871,43.91236292993614,30.04827395406418,52.39178674919681,18.554930104413575,134.56479984578132,Wheat
6.1394859597346985,77.64606800845172,39.619457797722475,39.63488288857841,41.297071889659364,20.799837874281312,117.11134409696427,Wheat
6.840990141624257,78.10462999789365,43.529358744527244,42.074834995211546,45.39641440256429,23.25049410180062,112.36917616975902,Wheat
6.115587418701497,61.75652787731938,36.684766373921214,41.773454656672016,54.15361869481831,22.886149646724064,113.7951792331207,Wheat
6.660298496933236,64.42357580118852,36.56385507218623,36.51029049260813,41.772008593592346,17.20611952711211,119.86689705478041,Wheat
7.103494671358785,89.95042534178849,48.66226662687116,39.63847799302788,48.42496106588144,21.361773647082327,133.9238713560174,Wheat
6.177504286385081,72.29714669088865,46.79604571271234,35.75749427899566,51.43744542454373,20.877693608621982,88.83571898502295,Wheat
6.543353162478432,70.03533866225797,30.523934170641297,30.36287645837033,56.63394087351547,17.730708099728126,113.85590746791115,Wheat
6.44808836038316,88.22037735346021,35.18593517731547,36.444852191084024,57.45460500969204,23.419335667918087,88.9576063384708,Wheat
7.203964964693565,73.74560660213677,39.65937744170711,32.00219958623916,41.612030275142494,22.27939306973765,112.23458642664748,Wheat
6.655276053922769,81.88524685957191,45.3102579798222,32.3836225150403,52.20450298955282,16.353540822776857,131.35313145217842,Wheat
6.985432734400709,88.69843863250374,31.379160327128425,30.855820817268814,45.643741493864,17.61705683735906,93.52340993039999,Wheat
7.359381870781555,67.48638599548518,35.43899452257262,41.390973936269454,48.9947968490108,22.767105569551813,79.9024618173289,Wheat
6.731356790510077,61.00840800549848,31.25306406910709,43.596561800166164,42.78490742235191,20.32420682275217,105.832170195053,Wheat
6.521014989388264,86.99500037061817,30.43646793550979,39.95684529263384,59.26788868427101,20.601681834618418,145.2616846524819,Wheat
6.078386818929036,72.56379957222484,35.203155819241026,40.96231447471095,59.62594180994493,17.56530062444248,124.0630951105556,Wheat
6.2971464491396105,76.95990763714829,39.27864973376673,44.580079944473056,52.170545453929336,18.49506372086819,83.557183866595,Wheat
6.226870243102402,66.75950789853705,35.01933322680596,42.759240867617066,51.2244557656505,20.233909113743664,83.60766539019131,Wheat
7.2902095400241524,81.68442909625452,31.353367238000033,40.617526458446534,50.87076434685292,15.817253457467782,109.37254811464923,Wheat
6.72704443069507,64.97323620489827,48.913962940005646,42.74963057220993,53.380446746582166,19.622955610006073,105.88241561883814,Wheat
6.976460200726431,76.36295608220716,31.24546211763771,37.68753973155498,56.128072344656786,19.59239877596958,78.89674331657014,Wheat
7.17941729907605,66.04091346407924,35.172416697760774,32.47059530148444,46.60430129742995,22.56751505688635,113.95393946279529,Wheat
6.307321911226069,86.33490234456123,47.591637099030585,43.058676375690105,44.77592422763078,19.51239344180988,148.87422421056561,Wheat
7.158018714464985,60.81502263676679,31.30409182520984,36.95897065218499,58.1844041172312,20.387017979527144,112.33593810257176,Wheat
6.158210549934946,79.70340314172881,46.44206321200451,35.706300112613434,55.51223701850655,24.644766539008117,90.28248443457669,Wheat
6.784994446792112,68.61413874253726,45.857088380676785,38.663900488217365,52.69164835100607,22.97914159615894,104.69778544968412,Wheat
7.372635102610564,75.9908660173842,33.15909645670696,40.43848677253204,55.86522700876509,18.167616770675266,139.28844427490645,Wheat
7.35921488214865,68.30713462133427,49.67042945430444,32.110672920731375,44.0403133680498,16.842248392380263,142.04922825059026,Wheat
6.981438828487443,64.56312849666818,38.80646836736698,39.22947037604703,41.66928169978767,23.824163684073387,135.27026515811514,Wheat
6.757810160364958,89.01379845777511,38.35521958550199,44.761654785547464,53.35839997607254,21.346712732539416,87.44661714718387,Wheat
7.322891637456966,72.82469063761846,33.24466811564959,30.189112799636387,51.19511367276765,20.273996221226763,128.95152167768688,Wheat
7.335387079526703,62.382197539290885,44.62992980680725,32.811179161463734,57.16354106314328,23.19063513861656,115.55953162391583,Wheat
7.065364197934967,69.43050339551245,39.42335797865629,42.324553465657075,49.18530394346428,18.577982653254416,112.0659335437725,Wheat
7.242373878655828,70.05624142112617,33.47523186271488,40.68021030496171,56.51956425416164,16.006374785235334,92.99055845669585,Wheat
6.212957984641491,70.438242347465,39.007019578108256,41.2323950544496,53.02295169763348,21.20928567478431,101.42812099572407,Wheat
7.26217132962714,74.13861502194493,49.58209876030309,39.51213207443605,42.525294831290054,21.761775620754342,99.38280115737743,Wheat
7.029490795029146,62.089234444872176,33.497628743519186,42.836058883586794,44.5435911404703,23.3704112524294,95.94570663408078,Wheat
6.964322865088062,80.82451720529494,40.25309506290106,34.57966015045097,44.25288752742192,15.331893545624261,97.79598009305428,Wheat
6.979744185796925,88.14914455345448,47.42408964526104,41.49097164802954,55.76894686506597,21.649849034759953,94.52151431745023,Wheat
7.360792546058745,80.12196935717502,41.2088126196088,31.664842038202217,48.941110876128505,19.60358271201926,139.84227071420025,Wheat
6.819972330281683,71.41201646911229,49.53600657021319,31.660808899894736,48.45096856623889,15.420246751714053,130.49280905751976,Wheat
7.377114828298726,68.40111988651468,47.16683353598242,34.383273456928464,58.2154032328783,22.53961903596784,135.3680082631079,Wheat
6.027009833400681,88.88431071222078,44.53341984140646,34.571266430792,56.58789329717694,17.8152119841493,140.4565379674596,Wheat
6.168870585617905,81.11057932382387,40.813969532898206,31.44801705293161,44.83787656517678,15.124040362773147,110.15759740983793,Wheat
6.451897891140001,77.95072452893277,35.944756154172346,34.49878667260477,54.86386397463207,15.481428359783534,142.71712463939906,Wheat
7.278395811586773,80.03414049679219,41.86443140214769,43.384537472094785,43.70660359057429,15.789691621908286,92.96326274321535,Wheat
7.191867418050285,61.0401080017945,41.656136701669794,44.93156274286965,57.11392187675079,20.214456890435894,79.77306819649817,Wheat
7.247060271578565,77.96935524531631,32.29865994119134,31.407859272350343,58.19253638873185,21.692002629380784,137.19650994875667,Wheat
7.318468350423401,77.15317056144967,40.34892703510083,36.45641115481485,46.33893175582239,19.345959608587115,133.04097417976172,Wheat
6.9028851465226975,86.77569869864539,38.867600287583755,39.10634368078131,52.62615106183978,20.916971623063255,127.69753298141373,Wheat
6.356150202562209,75.37091332637372,32.084496056166955,35.76766991467219,49.75334137242529,21.522242595454724,146.28982894396526,Wheat
6.900976599822534,82.3078174852968,40.12532118990406,39.511560470644966,41.41864432267547,17.54391580841847,102.1389819903854,Wheat
6.708740032509771,61.36946236507151,32.80048195106635,34.152214616869585,59.430653818021014,18.31347007103051,111.15307935840619,Wheat
6.294146569107589,78.32340213227305,35.613664310319486,33.1048886765764,50.33145256891958,15.055057991604208,75.5748024486919,Wheat
6.328603213652786,61.101640875024636,32.16051508261383,35.08290974008128,56.051713591596254,20.720486433693008,113.45007944673122,Wheat
6.440233234812182,87.95261158298449,37.94030082474383,31.306391501936574,52.34133032235603,16.138383934766015,100.89173571012691,Wheat
6.761117908076713,86.22667574055527,39.87093160680237,40.53388149047497,59.856336779981405,16.314891198979815,95.60486441396397,Wheat
6.591864113396469,72.65484535616494,38.22042150531092,43.614165038348325,54.28065288933713,21.079052140907038,98.20295383970866,Wheat
7.235685576331942,88.65181534454968,46.42396565100453,30.023476577872092,52.728027403668136,15.511353814421007,94.32054152502914,Wheat
6.089287050521658,78.11386358848164,43.731798269852135,31.717314570988577,47.67677766089959,19.56236508955542,102.67897663206874,Wheat
6.1815375007277895,72.56843370562426,45.02356095616836,31.06511496799883,41.603600281638066,18.547712918359842,145.62942837141938,Wheat
7.002858970084371,80.36009870017695,37.2383998167573,38.904911868128075,40.202623680554865,21.36096046409542,143.49652106821776,Wheat
6.918860202517228,86.21095780399035,44.479461109321875,31.808376246055353,58.049066145716836,15.66443844355775,115.04756044108228,Wheat
6.213205685690187,60.35119832192712,38.44068520255278,34.42561061481234,49.72000987595206,20.77199886734551,78.28043042317105,Wheat
6.184504942685619,76.75927189351276,36.86334706345316,40.93760231324172,53.04583297183879,23.456043629899067,126.9369620001919,Wheat
6.644896616085222,80.18899867183298,35.50762348510837,34.59470248167319,55.779703198415866,19.46419516401582,134.87852553887643,Wheat
7.233633560502417,85.72687012983852,48.332704716824146,36.46477830769945,46.377336366422774,20.821987465941138,102.83793175782208,Wheat
6.901611250200349,81.16757587931474,43.76810036984274,35.61829330530182,43.337204033975055,19.305293384622075,85.69456080614316,Wheat
7.335145552775712,70.37632382213572,33.08919494446648,30.381716398586263,52.91644772572968,21.369023174547433,100.54531249359687,Wheat
6.107567833271476,72.28886684685696,36.22434990126787,40.15680959602514,52.11558498905381,18.6459372819754,91.34194156912426,Wheat
7.4820539492333875,73.62004863588345,43.76548471560474,32.10829451367541,49.71179399318795,15.275367198694655,112.90913384328374,Wheat
7.446026110676554,71.52620138957401,30.779920251498233,30.46433686379015,47.75973519893739,16.600249364631942,76.75140722461394,Wheat
7.134320420925265,73.75569026645672,35.78489543945309,43.50124774524721,42.322779204010516,24.55918828955319,98.54750380330145,Wheat
7.332605508463022,78.08828629438385,46.53414719482975,44.760197448156966,45.768108756374914,24.61135485407593,104.21114211768153,Wheat
6.578267857105383,70.21161312763518,40.8281521469517,32.31217564767731,51.07422970716023,20.41704812410004,132.14263594536524,Wheat
7.250474942906378,73.21324050937272,36.04666498702987,33.89002345975642,43.892476734097436,15.576475821990249,100.6835984126035,Wheat
6.405371538196174,88.99252157599221,41.15417652500088,35.209155585457616,51.609352019873924,16.391967013456956,108.30328119016522,Wheat
6.939351482131595,74.66693495377353,38.035576013086484,44.907725833495476,57.60629524297854,21.2340595815944,117.70330208867121,Wheat
6.930990719736876,66.039363234673,37.90275486528637,30.59189299336349,49.510920749736535,20.43024583957663,92.08123020774072,Wheat
7.44604327074827,87.28363832811726,44.44286470911812,38.00079943148044,57.3993831929537,16.306523438234628,134.28823457061637,Wheat
6.187231220950272,83.82631987648216,35.515351365027136,43.15635871527283,58.88084187650796,16.487959694051156,109.70067037990452,Wheat
7.471481067244028,74.5022230791944,47.270950450290904,38.830972831969795,47.50659815839204,17.857835555258703,90.24173183145655,Wheat
7.142697287066546,71.59621520469084,40.22550924401502,37.38488220001773,51.54558058466262,23.655771456245525,148.55545076875723,Wheat
6.611376312860726,84.82556766318909,45.29055589309435,38.6029342718336,59.12094287223866,17.004745155284027,83.1948157732216,Wheat
7.280942950433133,73.17449449901245,46.93937708414121,43.396353077931224,41.24915187238143,23.834647629860605,108.62392915270667,Wheat
6.765648733506349,78.7977753327963,48.52765213460174,30.28674141644646,49.53686936635634,21.877220424305605,129.20302182736714,Wheat
7.038798647305661,64.03305388224365,35.98791176743362,35.3807328812552,56.0887441535901,17.787598724145532,90.80287229004024,Wheat
7.436172028557144,60.265898553404064,49.95641711363956,40.15231948286093,56.56938598898234,17.94619396346193,76.0736458250295,Wheat
7.106804277842295,85.02433791002028,44.80952263907038,32.14275430951258,55.06855844513938,22.689227821076408,124.39053867525412,Wheat
7.1491738991933795,85.37764319033197,42.27208228474917,31.329070709545185,49.75255619334422,15.77649334671605,105.56572732743231,Wheat
6.610659733688442,61.98029532420725,36.97641067938959,31.664971481869724,56.164704200184445,24.47688025964471,80.4237356443454,Wheat
7.432672810937552,75.67729798010235,35.991313559077476,31.152931129142452,50.01248536140835,22.945155444907485,128.03148579500237,Wheat
6.075339017195961,62.18705506103711,38.05746565265274,34.42935741071915,44.647686461120955,17.810044989087135,135.26120574726633,Wheat
7.393842080447781,72.153080835827,48.12222004264994,34.82243551871823,49.528739726875834,17.260289978159996,123.03570316318829,Wheat
7.468471672762213,78.10479288130136,37.15628168227098,39.71726168985793,42.45841356930775,23.886590802653984,112.73129630848773,Wheat
6.674024613059463,77.57594365360558,42.49567725578805,31.076637093397697,53.65234442446805,17.419316803155297,128.54644743799423,Wheat
7.233802191576295,84.11875522657562,41.05001934815778,37.802548384661264,42.857519226788234,22.753461504031357,95.35570353350357,Wheat
6.74504313422692,68.5282227878255,32.67656725999386,39.443365453376046,41.086640696458076,22.486452341262,98.81900964458376,Wheat
6.000202039506728,75.3338741771169,30.937038170552064,34.14254336731349,54.139529749114324,15.62689621621866,137.95038692670016,Wheat
6.0057298839878746,67.40471607605707,44.81808112304143,34.7440522459396,42.03784776132027,18.60233918800428,95.27949647883942,Wheat
7.2640678532408325,69.40043752755429,45.778649435520144,43.37808217216102,48.67634839153059,24.09943143854392,103.29885404723946,Wheat
7.446117624735162,62.67868573576719,43.74038533006485,37.40721060685393,47.75297610911294,21.327118787486008,127.78928187257483,Wheat
6.006544904475463,65.00859266241596,44.260921012686374,39.9957812036731,59.32095010257355,22.610377902507828,146.30795307985034,Wheat
7.05381075230221,68.94156625918329,32.10729844501713,41.72735795017403,52.88298442951832,15.481860123932963,102.00378494257338,Wheat
7.435199723226429,75.01203437130604,38.65458272039409,36.86549407738941,44.17765448010327,18.687071708647952,102.73599419903825,Wheat
6.078532530281208,83.02702885553755,38.330088638077584,42.33269830224635,57.006960022397905,17.11994054698658,124.30151116275965,Wheat
6.708422706244472,86.40470213764455,34.31481358352908,40.167198004650665,52.15504244505445,17.953014775718326,85.24506777383795,Wheat
6.977459640715915,82.15792374396992,36.312546875267,39.672489060334705,47.90261815223006,22.132068832826178,89.94114561705399,Wheat
7.335322503954261,68.6222878939674,37.35571975512306,30.871379281205247,42.23024424642553,20.15861902712328,95.06945075459787,Wheat
7.253220338613292,60.44080165964861,37.58188097343872,35.06018320153639,40.38655261835202,16.243683990005103,106.02320061889765,Wheat
6.73929687667117,72.12869241764608,40.61875356824188,38.92697512358522,40.19847642255671,19.64095159453504,147.26244306656912,Wheat
6.778548420194323,80.32626802376859,36.23727715833766,41.609870672291436,55.4584296375223,20.21296047654139,148.20103674594102,Wheat
6.18832532214398,60.50842994668743,45.403164235141915,42.10733306047324,42.404144582411526,17.65582832958606,76.31642725249716,Wheat
6.439962916170847,83.19425621756014,40.359210554251575,35.22143389752432,47.434785898126606,15.013536257154682,97.48503956739269,Wheat
6.969688112456896,89.22583331449071,46.94121653967799,30.353924469682937,57.97121209349679,22.83198413298626,133.5282092678235,Wheat
6.686993638505357,71.94015878863509,36.058314576663854,30.985422884315486,44.564707269873985,17.466036349780246,111.30578022826512,Wheat
7.121166609895041,74.2142948519384,31.156888988943212,44.36684701482306,58.854486381882246,22.851895431484085,149.34959261731655,Wheat
6.816723499200394,88.88305050759618,31.512100812335014,35.48521122392057,44.507625360135314,16.9583308413427,85.56022116695071,Wheat
6.933620462348995,83.43965567241915,41.56596798840721,32.20444064382315,56.22247539866942,21.359547071637284,104.11242795952467,Wheat
7.011195443304095,67.79714937728498,36.90384416988421,43.76228764697986,45.81009011342841,19.699882681579368,141.7605853047011,Wheat
7.061582025401291,61.866096784941085,32.946060885579406,30.117623861578753,52.61843580458327,19.476734254104183,85.07061381767066,Wheat
7.436901181585156,75.8897917183686,34.83786588225779,37.50905356732061,53.59240665470216,15.762392179735645,95.6027861285919,Wheat
7.21044823632599,73.78994611207983,40.931542840645896,36.49224003314204,40.8779988528601,16.65749779820156,108.41562290564181,Wheat
6.3137781981118914,61.49937085979036,46.87299328103647,44.71788793746174,55.86285747993479,23.53784921704667,93.1482847737784,Wheat
7.4409404632698,65.90777113360285,49.028596207236646,44.92228940948927,54.234456114920974,24.81143731791822,117.71548346753278,Wheat
6.389312674764136,73.10987656996863,41.87121870757572,31.096223430405225,52.446865292344924,24.811778367622946,89.25807373377957,Wheat
7.188892674432575,87.23696381338858,48.874031856404414,44.40203406608171,50.42919277442944,24.773079079915036,131.79826553508292,Wheat
6.242507154355443,74.3070031940391,44.36662350744008,33.71010473728625,52.81230367097775,21.666004790466193,87.20248078564244,Wheat
6.847627968679134,83.14880732935823,39.97791329071884,30.181546751641612,40.18076938158585,18.570293439700123,144.46455513238365,Wheat
6.3430151694054135,79.03091066615062,34.441517413866414,34.82504984489323,56.96084179202968,22.288614422699467,82.1549457984908,Wheat
6.64305303147965,60.87509290935793,39.61780293206018,39.93651017551602,42.37005247196303,17.888849389091657,104.83774691266177,Wheat
7.379296536984075,89.79765046268892,30.89822597991232,41.41511885243088,47.434481328046864,18.9245818622948,131.5698730010267,Wheat
7.377639648218113,88.52785783507645,41.542451720766415,35.35681738950754,55.750981717175584,17.510013832623002,117.30555216251383,Wheat
6.53786769228731,79.69893221123628,34.80797825787014,32.87389418602238,58.36478173350874,16.01803682949537,112.94684308011988,Wheat
6.331279174444513,61.16789889977002,30.72037636582853,32.62832658158741,57.33540709012,17.824787439770265,146.28443779314716,Wheat
6.872433439483791,73.09842569306298,41.60177669338909,37.75047577839402,55.1755250751465,17.82496065972852,101.47877937002268,Wheat
7.341141453799876,88.39369539451216,47.85116454972949,36.291719909359706,55.607310060137635,19.763357333010987,112.31548891095767,Wheat
6.307020163585926,77.73390909775549,33.72271795506696,34.973470486007905,57.10060403239871,17.07075809210855,80.33687138800747,Wheat
6.103511388919224,88.22353561509324,40.1384087592367,36.141181077255276,56.21757162015837,23.358259279105162,99.91432748367035,Wheat
7.040427086210693,83.1336844755566,43.09301373731909,32.27392612200149,57.51766167034114,20.39094552736009,96.18543197775028,Wheat
6.6378422781565405,61.12713271196722,32.557336024448354,41.48320125773791,40.00023269510732,19.16565828482292,114.18826358141914,Wheat
6.081951630001458,89.19234488916999,34.52250662499344,34.56298079454422,46.07885024510055,17.3041666211735,75.11053665647336,Wheat
7.094017191131995,89.00536499397856,34.4858696657009,39.94570787705133,54.837926539174305,23.48425379090525,106.69718977602068,Wheat
6.454396358460643,69.75885402069093,44.252426661970254,42.251691997584544,43.632279355132056,18.70941008157765,142.64551475618626,Wheat
7.210040279542109,89.54575208287427,45.084965193641615,35.897928015418834,51.81275667989276,21.610142542473202,80.8841862237843,Wheat
6.816745438655798,81.27962485417828,33.34642608002121,41.70947576138336,51.675455610282235,24.522217856975946,78.18167236551687,Wheat
6.3979892063332,78.04661637899471,35.93119824411861,40.716362461068634,55.18010565043862,16.025159640664743,113.53908481550758,Wheat
6.763335833386584,71.07842310646623,48.65849725139344,42.41259479809832,53.94418763819274,22.143266357349976,109.62871078598394,Wheat
7.381491781644864,80.83786281759856,44.57962123311633,42.92536355681018,45.48143178684382,23.07070903866703,89.6430452217369,Wheat
6.518012928367332,70.06831362809528,49.57050936778281,42.8480583562189,54.02339723180519,22.2705676161539,117.15545958019283,Wheat
7.420636000662778,74.88776258647084,37.61035419739789,32.44553005397387,55.72411304522116,22.344439320755914,103.82662788931012,Wheat
6.037790120938844,85.16991983154033,30.228359669081474,40.55549669443576,59.40514219452114,19.376613281482037,92.62300537469646,Wheat
7.057306515065072,84.51384426046755,40.92860632155695,44.50552912884219,41.033374433159224,20.04795598304528,128.88404604919126,Wheat
7.293960706723769,65.3776683572337,46.00006963527363,38.29060613577818,47.931073639799266,16.317150285790937,139.89718191816843,Wheat
6.235909812269573,69.29363577627298,35.80091063924874,43.07121051286281,53.45405988417796,22.966813971913723,93.78509240943742,Wheat
6.937311149410498,77.15237949431246,46.65660753576542,43.59130590721891,40.243135429547735,21.740199190587926,78.88768493397967,Wheat
6.823287997616034,68.62898187131034,36.13553199044282,35.294377551785345,52.4258489809922,18.34049965668769,129.95242879427104,Wheat
6.606791078360804,62.05059600929876,45.675196849682145,34.28637486889059,48.65533759198525,21.854438832219017,99.9342117861534,Wheat
6.084878484220074,71.21763141038441,48.88897165388607,39.62601595947837,53.42958297334414,21.3228215363764,89.92441042195776,Wheat
6.62750079615342,82.52819395089955,32.027457951063184,34.16779164134569,45.526382169317074,19.32018927594506,148.52765557066388,Wheat
6.1012538200257325,75.56102983141786,33.58729364024421,44.56014818114616,42.266070094549285,19.036010023615912,130.34137386259545,Wheat
7.056831642041168,72.68185910681797,36.930483359054364,35.964185678293056,45.28552526317279,17.053329387067997,111.22797731691675,Wheat
6.4028006341014105,68.6238499469175,43.13512126949114,44.52805997549838,52.0727440111875,15.769794670649663,80.66877103905503,Wheat
7.427134831268349,68.91872370922,31.841339721649508,38.98566880725572,52.47297556580532,21.48504820118688,95.0551520893156,Wheat
6.022666026321713,88.95046108363415,35.01786091382205,40.14039432078821,54.13259739757419,21.100074170794855,98.46805456602362,Wheat
6.406644380646099,77.93004848108109,47.32191267223383,44.20100593385094,42.118116088075155,16.5482861259772,145.855219408731,Wheat
7.104802842502188,86.4898147448932,34.052652682706864,38.813788066641024,54.022791888349474,21.801118854469728,105.61137681500236,Wheat
6.023092337536963,77.4877817041279,35.06203078359218,36.75381369214335,59.151620301676346,18.990353176424346,137.98512049983202,Wheat
6.282810908623877,80.17381494075087,49.54013908877887,31.52839651309405,40.16639884454384,19.335827926326143,81.94691122885254,Wheat
7.122576524514347,87.43645991545677,38.68041945417518,33.88067463233161,48.6880663801322,22.234478178500012,75.67906211852782,Wheat
6.884180984227045,78.39875054662137,42.75376493791871,33.630331199713154,54.281054467562534,15.913914863317764,89.94527523501006,Wheat
7.316205069981723,82.16169452179699,30.274911080226904,33.725643905547,44.28812965986329,17.708063280369725,93.56698277099147,Wheat
6.093789443614269,73.7682154979046,44.654669495723304,39.100975870761545,53.4574333719616,15.811491785362392,146.36180326325905,Wheat
7.257737750764537,84.15270955486989,46.45967610083535,43.99065762199142,50.88507932227395,17.00282017867626,121.25877058894059,Wheat
7.114322240501909,82.13752180062076,40.428980483337604,31.02688079000367,47.42225876860256,24.207666084633573,118.83366823180695,Wheat
6.80749791488357,68.0656054314658,37.36897839833158,43.43019133729754,53.329260950536714,22.87387026752333,109.07590673007414,Wheat
6.945370829184236,67.45150826229623,44.10921660566973,36.41402000555006,48.85091029629491,21.493223245768817,145.22104661016948,Wheat
6.096009519912931,84.74229712041023,35.84766220824386,36.65879181759567,40.43826657550018,18.01046077834313,112.69734319725978,Wheat
6.084264116021158,74.73287188149496,48.54221257716854,31.580898271617077,55.28881456151009,19.096710533759925,124.13802858932536,Wheat
6.390354896977844,64.78476787624075,33.209252285424526,31.057379184647168,43.71293409802486,21.642193849889683,141.1267958882631,Wheat
7.221188528386743,80.55402929623452,32.208637268222056,34.337811694439246,46.19613750644938,17.49956946397621,113.62542447822923,Wheat
6.803330722319509,70.7065792551333,37.07578317472872,42.42833396859122,55.78585696639371,18.077958316807457,143.53413329049445,Wheat
7.429222525503759,69.80227626090122,37.0884989758611,37.58451230132938,58.82241625067347,23.763194331423115,82.69259719376923,Wheat
6.589096114907124,76.60113569249316,40.0626494510308,32.90794601905339,57.17633542336309,21.769407829968372,137.84312811388526,Wheat
7.2881464190242085,82.4506756099722,38.784212024994346,39.15820132523137,43.20730812239486,21.736454174749078,88.44399418044605,Wheat
7.040924385765235,66.88794482261906,32.3510260030044,32.47926735214436,40.03984270438141,22.1873961785353,129.93007867937843,Wheat
6.7724000248698895,64.84088403166152,31.671086750213796,30.286934496559304,43.314963539304415,23.908555349831467,93.11526312762614,Wheat
6.531406990825824,63.16036453443999,34.447226094963405,37.78836856170308,52.15505366191305,17.45352314166211,79.3299119418838,Wheat
6.586549303691098,67.02610112779003,34.391078464596035,44.39794204070183,52.326009718514484,20.568784431720957,106.18313276424914,Wheat
6.643416500145216,76.22715011514242,43.92859614072215,40.53219144272744,43.43387815410899,20.001127520766268,105.89685712755765,Wheat
7.305790449404077,78.94256763655129,40.65008132831964,31.73091963268376,52.11275778646823,16.172039056802333,100.2904931674314,Wheat
6.214262947221497,80.76220941073106,34.12504227672305,35.87789059782039,57.91349555237557,17.043163833989702,113.08537979690843,Wheat
6.6289074917490325,60.54372123137189,45.85516227145625,31.035688594718994,49.48510041953907,20.606782949389498,122.13198424609402,Wheat
7.032947443961813,67.59817150568145,30.19957553316899,40.85165493532368,50.71313198695157,23.36117703207249,136.60412721755208,Wheat
7.264989251681825,74.5528397993862,36.672567916737314,41.873373038870554,49.0258822605851,16.834421964034345,139.12305146711057,Wheat
7.323839815158521,73.98929268420511,31.51399454619575,35.81739134875397,56.070753189252066,24.01774028546229,90.26045568731969,Wheat
6.100460418037907,86.32051359398517,37.78809877957751,38.12641446401345,59.361316241015174,15.66564727914223,123.62385055890717,Wheat
6.1111581338623004,71.26406785399502,46.07629090386894,36.50208349133452,59.94364707805901,20.59059284946602,99.08716144769652,Wheat
6.33016698885713,70.51561602858486,37.450665475191016,31.030705165859416,47.39148398853546,19.64238519739225,129.20533141791034,Wheat
6.985094227082412,81.26296965687463,30.167273637537143,33.26501099370804,53.23368576799713,19.83989368179747,75.39851067512595,Wheat
7.206741963647733,83.18428719871012,40.96838325987125,30.99694988664408,55.33030099065169,20.83713587731364,133.64699828684695,Wheat
7.12762048859376,84.09006215873512,40.360161328092495,32.10486777290272,53.423149467593774,21.204737850519706,130.66898903993155,Wheat
6.254821509076103,65.84925599700868,47.808190344386574,41.249666976781064,58.16456977400646,22.587153211639208,119.78664794927263,Wheat
6.98119910554181,86.6738377182003,41.57613509023881,39.48586986492581,43.12953432007201,19.739212201161028,128.7297833968574,Wheat
6.406414047474549,66.06762541573605,36.27653616448831,33.6225094198925,44.29825274072792,19.24850842868087,143.08788854126504,Wheat
6.760589470108077,65.63761142445969,31.539433387617482,40.44234217706888,47.65597528872776,23.218309465853594,124.46330764805776,Wheat
7.194362175812053,68.15838118255346,43.84717844922116,33.960929770405784,58.781369589005834,21.363742815333744,99.33838501315066,Wheat
6.404267793438409,65.7277975521493,43.89281917787456,33.28073419496891,51.90606531854978,17.646350269253574,124.64767085954014,Wheat
7.222409592810809,83.3407572943396,45.217026618615634,32.81583608538378,41.767698939690376,21.989488284873858,102.62604103457635,Wheat
6.648519339605021,60.93447278380173,35.19152898550098,30.50514605811696,57.583715452024954,17.433966832185305,116.8002877179756,Wheat
6.058468980991695,80.00542173916975,36.46054691508188,43.468787804364986,57.762363778680715,18.252906183617476,142.57206717678508,Wheat
7.494236510248168,84.76246992371844,46.89742695510458,33.73513104163635,51.534047977155126,15.672559139673679,82.11884526162522,Wheat
7.498338918049936,69.79917748277732,44.963678240976925,42.099975795402244,57.16046542014458,24.976282974021565,93.1122363942651,Wheat
6.0605262402895494,72.33574553983757,32.60161339657894,30.336388337430826,47.20853654282972,22.837382510752363,117.46355184188032,Wheat
6.469166983815531,79.63026016478159,34.640363606176216,30.215721691081274,55.287067728728545,21.23743084864009,132.172696837572,Wheat
6.0584070250314985,85.11358883491957,42.39052400072607,38.4509302606896,52.492280962290636,23.644332468683643,119.02023799191804,Wheat
6.871425569832269,89.72037471197297,45.13460334137136,36.63440708176703,54.14794000065855,18.892304716917884,92.16565968626242,Wheat
6.895277815331639,87.84546294341854,48.58279040030925,35.12857917158235,50.5535493244339,17.11635898569861,149.67233321241628,Wheat
7.471676861801903,79.48526789122342,46.08828119354946,40.726502419255496,51.863164380789364,15.533479969888976,109.10732569144957,Wheat
7.012179453251116,80.32594841651054,37.46245236844767,44.12537979987046,43.34714064473562,20.003594462155604,126.8162982413117,Wheat
7.0457037088377135,79.45916870306446,35.5057642690372,32.34309853029933,52.71880653653422,20.993021161394378,88.45170077169307,Wheat
7.057708718355845,73.6551597520097,43.35521183206306,42.56050619655226,43.394568571538464,15.191448679968367,133.43269397968402,Wheat
6.914546137728924,80.98918708866366,46.76309949977285,42.04216402236751,59.21840293857649,20.359350788521184,111.63717244949291,Wheat
6.602830799836095,64.61073128532614,41.452144657640446,34.15518786488968,58.42615024425951,20.831908042770976,119.46301353810827,Wheat
6.532386991315515,61.55968055933123,30.634875307459772,36.35002716229796,41.691307561944754,21.068469555401393,141.0729754229743,Wheat
7.324372224778083,79.77136230396697,34.22463662945862,42.94495247038308,57.72186870626416,16.96653584952959,130.3069564328008,Wheat
5.929779323390685,74.07920937058789,59.94475799807205,20.600520106587858,67.94731731581864,25.471566403183896,118.40295714988926,Maize
6.197514276289642,75.42163791714121,41.24788137196555,26.705581001565914,51.3403307550242,29.704117601748848,109.0184344363102,Maize
6.7788211318689555,78.13895694301682,41.702069722395706,27.711951850266665,51.42069778088004,20.529517218600343,73.76194662226034,Maize
6.203660816571368,58.05686502360928,42.01956213635522,23.349821781882156,52.945511271041816,29.676921574947578,105.55755041510841,Maize
6.951642197904343,63.19221459523726,45.56736963325313,35.96586394418374,56.52507836082294,21.592600484464178,73.95035953246988,Maize
5.694518467336353,57.69389183050298,47.106394969477755,33.47988416291461,51.25129684438903,20.526083275984114,108.54141841750058,Maize
5.720382885375656,60.27935439567565,57.2931784371628,23.098506222868853,51.6547367123638,23.81445594096013,78.14517067671218,Maize
6.345112546725781,74.11414671450426,42.742969763054866,31.613981691085698,60.110175207797276,19.728945432158394,97.43990913173894,Maize
5.910460626791157,64.63502955632038,41.645446485541235,29.19168114427246,56.129269360856405,27.86857453422425,63.4187236198421,Maize
6.127910912377494,63.752942723943136,54.50012152598237,31.48575150180422,63.34424674388362,27.324591427821073,111.73217841949133,Maize
5.970813245083706,66.1406811609171,56.802161568784,39.78902261930113,67.79038622087526,22.45760715149252,71.70999103311902,Maize
6.234088806109883,72.24924355508126,49.85138141506595,29.66361726627337,66.76460842163601,22.336845348806236,111.58768048869874,Maize
6.110207201427586,59.84699317035018,49.079798223993976,35.24893917349737,52.520040557279884,20.35703059046421,117.08668953978551,Maize
5.763237441072036,67.03181953793164,51.58628933323875,29.792489241004894,62.89490497153637,20.757920709571422,93.15973606660489,Maize
6.058259882870345,69.85001778887568,42.82447086746299,31.417548336789523,53.705407107666474,21.343716757380438,73.12258801941499,Maize
5.774256669803226,74.77132854682,45.71415135321781,38.54247563728899,69.39853050690382,24.855125639245166,68.58006735994358,Maize
6.061822365069371,73.93196790044642,47.347814573941406,21.740344366055776,61.13569821856376,28.141450217952418,107.75558322861013,Maize
5.76268471019553,70.182938432374,44.41008526871294,24.364150691043445,67.4814354661037,20.996027432882762,75.79484079108067,Maize
5.500980086141949,76.12007102376553,55.8518962641827,32.54657870181356,65.00531527877685,19.8245828090939,87.49941567525453,Maize
6.0268290810231715,52.813295787710494,49.72260970429848,38.414793006852705,50.80118238101389,21.497530961925527,72.45245617234221,Maize
5.857219980498544,77.25303655638126,49.3613810846858,29.325988258796375,65.21151284910565,19.85390644805911,89.23592124600304,Maize
6.144977821181589,67.90732071639968,59.99115406500877,35.38897788164094,57.957314060348544,27.930636627288564,70.2425017987488,Maize
5.5456955294634405,56.133451173928194,46.80823112228519,30.211615149191196,62.30258281082399,28.92726860657306,90.59124057302746,Maize
6.2519134669385945,51.50729029468946,40.69823105312447,31.023199238327443,58.76357226496689,28.070164739763584,69.64077508271072,Maize
5.537457493175574,63.47116303790378,44.74957113504515,20.992287466776748,64.49196573695258,19.33911599948697,96.49917000046631,Maize
5.921574625250334,55.20488151065066,47.59503045838635,36.02891552445907,57.84187153809145,27.00923579053267,67.52917780794904,Maize
6.659157129497618,57.10799974719946,53.54786259777745,31.315631096819928,68.58289434423375,22.64787021570377,63.969911330066424,Maize
5.528733228326879,74.8057568291826,50.49471275322864,35.50488103669899,54.68851200023029,22.141004946158805,61.80623233267914,Maize
6.942238486861168,70.0360372010244,58.664101755186124,25.30992814858145,62.22927222451322,26.141999619511655,79.05298201545531,Maize
6.772163852523445,78.41484388700744,57.69710235392009,34.78133951878745,55.54929359449908,21.37939250526758,117.80161922676228,Maize
5.515426743903538,71.48149919726433,54.124923251105244,32.45379081899595,69.80217692173731,21.742553229164702,80.3983118275949,Maize
5.618409104419833,63.283944096312126,45.22097052469696,26.867734043552886,66.69143580511255,29.225814162329947,71.14398432031113,Maize
6.058763397330199,77.85891686346181,41.23616921378445,21.84721056222757,53.25581978412459,25.1425540095225,69.02833626035985,Maize
6.9521145721761,63.40143581775561,50.03035920700333,24.93317231610813,59.41920504869467,25.942963591644137,105.07062821724256,Maize
6.63080212406487,67.33673338082265,58.08719549987714,36.34815694612219,65.1409622939725,18.667266260165526,60.41267773317896,Maize
5.818670915793209,69.90570781740357,48.223949777650915,28.048125185986237,67.69173776459228,28.746754177582066,114.55051584321515,Maize
5.970817114772541,70.73167438217786,45.43266362548739,23.812196661488997,53.69264914694738,22.10529145036313,85.7974571867893,Maize
6.746423756582603,53.596732804181364,54.698516947897886,30.629098283786107,55.758906853519846,23.913835014393896,77.99652418662136,Maize
6.394122932857459,63.01531768565732,43.28811058157758,22.331661491113934,60.9339136414426,28.828956399433242,80.63746119346114,Maize
6.5995001608339345,69.759840648193,58.63109828618962,36.41962034598282,61.33210517810926,25.88436597880929,113.90318799504209,Maize
6.099278176880402,59.803841175733325,40.216221672703924,36.531021483829285,66.0196140080673,19.253454217201817,94.61144286796201,Maize
6.1959725472503315,53.561272865273345,59.61136454121447,24.29391774926711,51.34468360181123,25.138168554022915,104.33200062798196,Maize
5.54866516907078,69.76152916181067,50.64583751902909,22.06530017750097,53.45047753892724,24.815691567792967,77.7814568107973,Maize
6.907473592976974,74.56220688452152,59.67134413027326,25.19341677900828,69.39447265595953,23.174806437498695,80.85112771882528,Maize
5.57552429045403,51.58295773578808,53.84022511893309,29.158579888680556,54.530432520722115,25.36764367590279,75.17148709500667,Maize
6.366447631516634,60.77626240948071,56.47104453223638,36.413923215335586,59.54700796244803,22.209829312020187,81.75358779354568,Maize
6.708571788502327,59.845384483928356,44.18118747413692,21.693766837506136,59.33386241768817,23.7855851870381,110.45452262417443,Maize
5.8318580446690955,61.429738210051994,56.16811477787382,36.47247221497947,57.69222151957536,23.50948827944017,78.19715345095698,Maize
6.898832317628968,53.55931297224741,58.6749884600294,33.677329036706865,60.63144305373463,18.39190872941395,88.5357715093205,Maize
6.111622157504098,54.83656435925368,53.12819207001314,39.42301814736572,61.2437762212905,26.577039317327348,64.10702715396101,Maize
6.1265004937254925,53.490754554934874,52.255916710730204,38.769643164283096,63.23555464943277,18.921636579773057,81.27997229910497,Maize
6.325995069161277,62.09623268399757,56.67288020950345,36.29342009419979,62.23662040206443,22.481495341592463,75.32018242579466,Maize
5.658811477319694,60.646930504596625,48.26345034415439,33.51645850208147,63.163196485951474,18.841297675695085,83.71555892586946,Maize
5.772668300826043,54.70438115950417,56.54604299474492,20.83830433432515,58.383657518042426,20.01844386919822,112.75981294070844,Maize
6.3355607699125525,56.94141909130544,50.04854574332753,34.62972719406231,69.16236017838867,20.64535205094503,113.1709063277607,Maize
6.901456171251235,77.49261633596198,52.708287137238194,32.596413088694156,58.06421266367646,27.028774587645454,91.87764110105591,Maize
6.516157106842442,62.853737115463865,54.62992928086278,36.48943035209098,52.92872513205632,27.995156586890737,92.41779190741843,Maize
6.766998863635337,62.93905119023044,47.5808097076607,38.30121465034445,55.02338535096803,28.130547903433715,89.04123435056425,Maize
6.271143163826889,59.25404844468452,51.46084401238031,26.504223925524226,50.78538828483305,21.26398326413227,60.38274260439544,Maize
6.967532180585285,78.97241629459242,47.9031059494461,34.56741708679292,56.9161219682085,26.05311788503171,108.32580258275874,Maize
6.9201343670383615,62.00636827549016,55.66595965912096,25.318569012642378,69.80664607587296,18.309235185172213,96.21172839006726,Maize
6.489258972476991,70.64136671222386,42.40775157578178,38.77059566946261,53.62366558100165,25.47304083887809,73.3605647473851,Maize
5.960824625531906,66.39375625184373,48.34386837129153,23.204512019530124,53.418728048416966,23.017737457953594,105.43697869653005,Maize
6.8469469702716825,52.52382986778149,47.86207815118802,22.004911274457534,50.33184961265196,25.94062419172748,96.14696651799527,Maize
5.744528670722329,57.014384992791925,40.47415507289037,36.698944113888075,69.49381192097103,19.62551444153629,73.88851282591789,Maize
6.802614285920401,77.79391393868555,48.39254765613621,21.01244944538148,50.78783667385639,24.887398392828125,83.57370653359074,Maize
5.542978641366481,67.4975717693767,40.22605073178045,35.74743916298546,56.12865645406743,18.483096036110787,95.3011332589892,Maize
6.096526621649582,79.21401240071448,50.88397325007404,25.504783620740167,64.18877729267949,21.257904030512535,114.25459748445391,Maize
6.062082955761065,66.49605688328616,41.01146207648458,28.522424759044615,66.6472707932199,27.667785664360103,73.45911353121157,Maize
5.839118606515844,74.5191593663971,58.60796840338651,21.907218425460073,59.00117278852451,22.04945134757075,112.24130732744635,Maize
5.625287372020028,56.33377827674112,55.049366751729885,21.02587697962431,59.85070761428578,23.30528441615664,80.06407073932492,Maize
6.091858472978386,65.89821760790699,43.22734716776766,31.439917565671855,66.10864658599972,27.12193115748191,69.23399428162642,Maize
5.723874204612211,58.0452310323474,47.22149452682074,28.169111628169652,63.59394433666691,18.680165185990024,62.08036225356398,Maize
6.087865844415863,70.91491076413942,43.86870685912965,32.830089625125034,55.19656275880599,28.633033305762197,113.741396655997,Maize
5.945930806421989,56.899812618897215,48.22607944132463,24.810631703602972,63.44767686583407,27.912776214579427,100.38552785467303,Maize
6.736525670874024,61.90976486622422,43.12633941417722,34.759018947951844,57.209490102831076,26.05524990274959,76.23863651890593,Maize
5.621844452210009,79.7774538646329,43.12403015861199,39.76841987926962,69.54559865132894,27.525817246896477,99.56537772491986,Maize
6.3667105753766275,75.98304636133504,45.78879043238976,29.35362424969754,62.387799387330034,22.934285710433894,85.64918724541607,Maize
5.995427001253127,66.92695450053608,57.01149056030232,24.030567560126258,68.68866077506883,26.269051844978755,109.3963927608018,Maize
6.3342860389450175,73.3855010427219,40.324007946789344,36.3676084955907,50.80277718170733,28.67896051635435,119.5177648343186,Maize
5.941101193265167,56.30955668857381,55.30726727716082,25.060526818405066,67.31124766344408,19.23411110588972,67.5573117827615,Maize
6.968727332650923,70.21516694810015,56.93774448857906,26.48658754703036,63.52967499041209,25.130901927703167,96.18900720737682,Maize
6.523798689306583,67.26077519387296,48.58124738605332,25.51845388761094,65.37162661826405,20.715269160038233,101.54125836926485,Maize
5.84999923397399,68.75990509863362,54.941565342580574,24.374277778130782,51.198866017226166,19.57168491593009,96.35981803626153,Maize
6.774169609338603,51.34990463706273,54.68302518083293,26.82637291900104,59.57056739839045,29.146314598146787,79.91829028415073,Maize
6.19800540090923,50.410472442820435,41.631974400096766,25.17183182269568,50.55704481642149,25.576503912579014,85.58390140809735,Maize
6.322217804092033,55.23941557688988,45.91864058873232,33.2764894970545,69.306054472608,18.60500128322651,113.42305925131596,Maize
6.365321801966813,66.91758700266871,50.005570704155204,21.38788171808367,51.79753703472321,25.210944067909033,80.4575142861335,Maize
6.875902099866521,62.197716120784165,42.86562917405282,34.29437667004072,55.8670684288202,24.30564368827072,101.8699671303102,Maize
6.8503961668031055,73.76573584405028,53.52722135745448,33.59266364790287,68.91849288064174,21.549889169958433,60.06672565177124,Maize
5.907931839097298,56.53674138880232,53.23669170227996,32.67423199531058,61.86922765409447,18.194921318513444,103.72668326703885,Maize
5.985295618728237,69.95167967019893,51.131568570043065,26.854618508558143,52.69152534208216,19.13302677192577,109.89109998673342,Maize
6.877596313122337,69.49364140292899,42.06868229720967,28.040544337764814,64.57878400210315,27.357850608120817,67.09311733746532,Maize
5.500046078268074,71.36411137641815,47.13192351972411,25.089626632365203,50.25794939579051,24.483592881137994,111.0690441255589,Maize
6.936447469408882,66.97234851839868,50.289226554797885,21.70112770978482,60.977456030852,22.559748947584737,96.42811685301461,Maize
6.08308952181482,57.208973703511006,41.89930550456753,26.298368891777915,51.93289668575505,20.122763409887806,119.24016951477276,Maize
6.166155335359928,65.95615299515049,57.4723705747443,39.91137800981376,61.65428898689363,27.74968585253006,79.61646146020051,Maize
5.958615936170936,62.081111629836805,53.45014525347298,33.643833785101975,56.304788692989014,19.598519089639545,97.94377538793051,Maize
5.692488793283147,67.35477524687991,53.86844256112618,34.01222992788903,65.06944221319193,28.474313058787974,89.9975395178873,Maize
6.595373784294357,68.5751820609751,43.73279879595365,20.513792897388164,55.690827713538674,23.31640447605143,97.02635666571938,Maize
6.774938995754808,55.88737150118497,42.51099579796954,39.26959894948655,52.160891187528144,23.74189284128627,95.13382372759811,Maize
6.312061631361157,52.5809647109883,41.140538280072384,22.109668549220714,61.71175367745225,24.532138651611852,74.02444752220465,Maize
6.456661212768387,74.60202506166948,40.83157919693188,29.962598870960846,63.7862082420538,21.027743124836245,78.46625431758895,Maize
6.420456854484076,76.9380588033121,56.19848840605799,31.66260438199167,64.60443435514499,22.377869642493586,98.45793168592547,Maize
6.1992723866913355,55.69808409372683,54.03476547754514,31.12929274697644,57.17243163907183,28.936070280943568,61.256047069603994,Maize
5.973659726874244,51.706441933329394,55.33054632443255,34.042149082275856,56.62704437472634,26.107954826484878,83.756233571757,Maize
6.6343806871336515,63.625509882101184,48.24559455663331,38.69459830976602,55.017581997814005,19.445368079958786,95.07258679556749,Maize
6.953982718426269,61.335176411815596,41.240735272575634,26.78610534619135,60.11863308639117,19.943076079586564,99.48613308338952,Maize
6.996624083515301,63.55218427944332,47.09457113460425,28.014083336689332,52.302923567904024,28.599283217114685,84.88953933128111,Maize
6.080911617137262,69.79070818791423,48.84066841862247,32.96466937615692,51.22892580261575,27.76468012466673,116.43023717276415,Maize
6.473148079239079,78.63697786576432,43.02864628739927,29.548323789607075,62.036134678908944,24.980839769054242,84.08770674534259,Maize
6.007126614049392,53.80472067651257,47.834849011245566,23.253216302109703,64.68731352984437,20.50597122593508,63.51391831707203,Maize
6.328549206725851,67.85689198158205,57.438261225610105,31.539632248353637,56.90961707446891,27.636142578315848,92.41673359124526,Maize
5.618920426946787,66.97551680939739,58.16037090843325,27.92625250996441,55.926516037996,19.72163348421624,69.08673131612144,Maize
6.149157226512728,67.87039472484588,41.61230810339204,38.79137178050331,65.10267234890392,25.03948701940395,109.70632025633945,Maize
5.62028013521817,64.30516633199373,52.601862537233266,36.57305812236579,65.66939120098536,21.324830996560795,116.45281017355225,Maize
5.686518762146306,76.25400855863457,59.418804992092376,23.543070464452512,64.44132128407571,18.483426225335982,84.3253695083493,Maize
6.274424948796511,67.41935677728902,58.718744964971194,33.4450137458839,59.62555902438474,27.716100435190672,117.03196925726454,Maize
5.533099223023436,79.47563816768115,41.722642781273606,36.28773558537523,55.606695051028254,19.58615589304646,86.3913383828301,Maize
6.46593486917142,61.42855535070425,41.09130816565398,31.98922279317433,68.04806552221349,22.59858439136702,72.97996665784962,Maize
6.163866018899223,51.45088133146343,56.4097516896055,36.526816219003734,61.76000926859257,22.237234667260672,107.987001866747,Maize
6.3320305371825505,74.77796925650048,52.62917585166041,35.688109464255945,61.9712598643552,22.969692818587994,117.47675159556826,Maize
6.311670737318267,68.15268555621616,44.40975278829499,32.51301578854553,61.432152989658874,20.2180607753643,63.575225841188626,Maize
6.406538979572156,72.91076808050961,50.468027418440165,24.535452506392915,63.3304395338607,18.96126871931523,86.51002228811728,Maize
5.74505013759763,55.5337715317965,44.04587898316407,27.734141140879558,51.02300411240795,22.77352129114918,90.70244682688205,Maize
6.224941427449488,61.48352301209122,56.78293216141505,22.90653384841008,60.11393487562748,18.744497003478653,64.26934073267458,Maize
6.3607987745156445,66.98055274663463,57.56067025688914,31.157473513201463,69.195820408097,18.584338180799158,65.88046108684446,Maize
5.5660987923555725,55.5583055100062,50.82540221883356,32.91144362854856,50.911703158973374,29.35165067814719,110.52992259902285,Maize
5.94491872323564,52.31562590679404,43.39774146438115,22.538888275099453,52.465675585978936,24.222740263988808,74.75084654960402,Maize
6.0372095747937164,79.68516000152968,53.6862849785069,38.97961334094003,52.851131100662315,22.58567369799083,93.28390819694125,Maize
5.615137092833107,50.12562330883873,53.40868667593835,32.83639033602871,58.215776199992234,23.875728912384393,84.92658003552538,Maize
5.536007567267333,60.06114818652387,43.5416451079458,21.968483782027374,69.134408677787,25.192316700505987,103.71937705419616,Maize
5.973045614899176,61.79441388482046,44.738479877934466,21.939313419308494,53.580632748831675,27.57016854355783,100.65274831102656,Maize
6.320393313978215,64.25269618600305,58.44868567312249,21.454698955573367,55.61201626475832,22.199254242848568,106.94554873276726,Maize
6.988771930242957,57.220115442714594,57.48614668274161,36.61245520863582,54.49314795283533,22.79199096239067,84.58037215755115,Maize
6.967331002789837,55.42675704136695,55.98315942209564,26.683854283462196,64.6174069155232,23.040132051547953,94.70158578699241,Maize
6.748917659989196,74.12496694951652,57.32846367079401,21.19234650689318,63.8410110607949,19.679848520661153,84.94911408110465,Maize
6.322882622582033,62.082184542404924,50.39223351606015,39.93052617597238,52.70434627425709,26.105472544037106,83.76005798313692,Maize
5.699514698360993,54.762102901229284,58.98546212491234,37.59202993423524,68.14083920830043,29.898393309928636,72.49892340051107,Maize
6.033159006046093,70.076570897746,49.676050797212945,28.36779066756667,57.15622498671186,25.125367583321427,94.53560571840492,Maize
5.7421867510963605,64.15219512555318,51.069435524197,31.40573877462781,54.202143858247034,26.907256707027443,61.51194568926418,Maize
6.032247783314744,73.406379456069,51.27785842110805,25.223248650217204,63.899062386860955,24.80869132987288,107.77461656738323,Maize
6.602537779284735,68.30323766108704,49.76355350621628,22.663642513350467,55.22666035770767,23.029193675005025,95.95795722038332,Maize
6.270561782822957,58.645535778785884,40.12928715579421,29.924784438016278,55.712519771244864,26.81529960852642,61.43677591622901,Maize
6.377241716958686,78.24422712518196,43.48818534222999,29.432989815011908,51.82843983634277,25.50818294713623,93.03190083577354,Maize
6.111048286319249,65.64131064421224,57.931493169380204,23.92588604622134,50.45129023410694,28.33997861638921,94.62702494327439,Maize
6.835987683192764,67.90835670239518,56.203221799194054,28.59346726710296,64.99719862576538,28.956497602678272,94.32737782333237,Maize
5.771177725843569,58.06392845090595,43.972891537948115,24.93714055191466,56.12830898702073,24.66160544103826,95.27949776782997,Maize
6.1397496208627915,68.46262339462507,41.63149851222732,21.755764741163198,53.43658920715317,24.21692997648414,72.83968072189882,Maize
5.924926605238866,62.00938508518982,56.237322480207595,20.277242718257202,62.98757640473245,26.026518372488226,107.9193468213982,Maize
6.89912940859047,50.604135468478695,43.07567411026432,37.723425881119866,59.170371243740306,24.77508766720156,99.78163222338884,Maize
6.518599906743456,77.95221209949524,59.938988348233394,34.40314921861881,55.74442418410302,28.557028827532122,62.9532548724457,Maize
5.846621279311744,76.92157152391144,45.1238302887871,24.413021192434968,52.76250586280494,28.309341091763,90.0034955514652,Maize
6.512339804581233,57.17199152225089,55.16080842022433,35.20011089924197,56.251960498166,22.928191596123394,72.58141664581206,Maize
6.964841534984356,69.36807731175234,58.69087761431031,26.067710872582666,65.6378182599378,27.190303726616904,101.4993391119925,Maize
6.9484584629002,61.80666008318947,42.614346471795145,33.434177184881214,64.58619600954412,24.900726881505776,72.40907358800378,Maize
6.256683912504033,59.36569209707388,48.54933056333378,32.90437151689328,64.9042948538167,20.786696290816117,84.3195216388172,Maize
5.903742356487443,55.95894841585607,55.66774439991677,38.185053888739844,57.404643713691534,27.0153470924852,113.81971736186466,Maize
6.769186315795348,55.48440165617678,59.12583763026723,27.53352880858925,56.784813223476725,18.749175927333365,89.17041924629298,Maize
5.663520423461393,57.45619462782278,46.33885243534563,36.17652646983368,67.50977300791793,21.629595809537637,111.52188727467444,Maize
6.785846406054686,72.9395285115462,42.93390228030363,33.80645693801458,68.90048129161137,26.190485745205883,79.89701094647003,Maize
6.250868976146247,69.37175130053161,50.21140817457007,22.399058834619396,56.24128089304041,27.62875236664359,111.68508276573104,Maize
5.705950049073356,78.57160257196173,46.57645235697218,33.2462747746144,65.03650291913362,27.7433548156546,116.74498213355581,Maize
5.969379322043234,75.75519363654664,42.63373806872414,34.100818127071854,64.83955459027972,26.132678894415847,75.13888416810917,Maize
6.809564720522805,55.06575390111185,41.07269583041662,34.34929981223824,59.50951430465467,28.189176239504114,83.00382846349554,Maize
5.752417882761569,75.0932657740961,50.97819263280144,23.783915847807098,64.40767997172891,24.133363661874007,96.25877893441918,Maize
6.191347507309873,74.8612695145402,56.591254313661,34.187776436487724,52.10802754792925,28.066246342848828,100.26077883197459,Maize
6.5455362490064495,60.88948521211615,57.585591123140134,34.50743200469715,52.25180933058389,22.89333641287395,113.1828217176085,Maize
5.570795052546068,78.84249858926148,53.58325136639125,32.62751955286753,55.41118512975983,20.985501464870126,116.52349316931573,Maize
5.947408681351184,73.26515890156998,47.86243596414158,22.78508141569408,50.21430595390718,24.531088044183008,118.54672911293596,Maize
6.053704290713807,60.71577001979134,46.88183235698884,30.410876746097166,58.81329766848587,28.558975520724175,90.33124750340941,Maize
6.2616367572828535,54.1511478416167,59.654790818207715,24.999457817376594,51.467281349192056,25.957754987702508,95.72198220941236,Maize
6.122718480989119,62.66576701642034,55.701278420928624,23.91425280199298,66.4050663788978,25.784965366740217,85.13818642677145,Maize
6.1870429248758025,57.69941621558287,55.0422866539395,30.257494846105356,56.41709085499687,25.152601389131405,119.74406712307939,Maize
6.152893419484831,77.62074202335859,46.900336798491324,21.094654138499717,54.084842127368574,23.02434171993221,73.17809571567415,Maize
5.500340557327383,77.45004613242583,56.87758822461858,34.84584462973894,53.356291912920575,19.444362914519832,64.056284968343,Maize
6.586043783159382,77.86423882063656,48.610716418260736,22.382813439920962,60.24785641464213,22.185982889503563,82.48949546099986,Maize
6.431995936233561,71.56154339786607,42.21207197746322,20.711804616129527,69.8866060537143,20.79274018698662,63.22983149450754,Maize
5.78481299364388,51.168735390453925,47.836217892343434,36.048035689026484,56.82488899515441,23.3302008825404,100.53520641404633,Maize
6.2633411051048204,75.84337058063973,57.32071350091513,20.198213909823075,65.56092612966398,23.528803202900086,119.33043247821979,Maize
6.224848113813152,79.60687836164892,55.09138722411473,24.972097692266125,60.76789958573915,29.90562767374299,111.45183646511542,Maize
5.646050340686831,71.19115990429988,46.91159171741626,20.139645237606963,58.06961938053999,20.817053060699656,109.1321562312283,Maize
6.005995913268649,74.82571081861451,40.011958776695906,26.156383000522382,54.823304286155235,20.802808332823332,64.09119718592777,Maize
5.780686405615753,66.6664870965686,45.82722145675489,28.34789564658296,57.53733760694377,28.510859099998733,114.31793994063094,Maize
6.23943545748379,59.904678509468134,42.136014080047275,39.0680575876419,51.20453889800595,21.571803330819364,77.88397207020026,Maize
5.980601929210322,54.92860529817228,55.663228618473944,22.449957239319783,62.698133183063256,19.48615232046981,64.2321382555774,Maize
6.864144255528815,55.70386298956117,56.425003091194085,30.892617422142717,51.557130392175395,29.46537829725681,74.81767001951356,Maize
6.789468018028909,55.06430017353693,57.07885764283706,20.26457625810588,60.235609131389616,27.233310953058684,116.087731049567,Maize
6.863803204309731,74.58874608642935,57.76382699322608,23.98439371674153,55.68368591423457,21.467622299052703,82.62323586010193,Maize
6.089981005577783,66.33665973964027,43.19759526732883,33.824933275719786,53.35133078609013,21.72370178525457,90.20070783636925,Maize
6.6946608422852165,72.18407699716181,52.91068712821044,23.115465211603404,60.940906912311554,19.049358021598625,82.64179060779904,Maize
6.120274795434939,51.19434318337262,45.479761989399435,39.11298934532979,69.07265215659379,22.22792465103047,62.58600653689945,Maize
5.768642408992273,61.766533803006205,58.9555939593846,22.823981270743698,65.27031687336424,19.304190472496305,118.87545464347662,Maize
6.072424748663702,73.25703616697169,46.85182165622264,32.553377543176175,53.840321694800735,19.75225223156355,116.28384837408788,Maize
6.8764709168566505,76.62406820638647,52.50866900333187,36.165364224325565,51.3807387382275,22.01746850268815,78.82218748542937,Maize
6.45346798292892,60.67873320411921,42.970135632873614,31.929341508270873,66.28767841338163,22.585481933519677,67.9361229059089,Maize
5.795032295969235,57.12449915508152,45.997951859890726,32.85590141012618,62.018909690754384,26.35295833880447,81.7501190718908,Maize
6.735996477819968,56.12262983467281,49.380814950363074,36.01877443082861,53.603172954652386,19.318357364889394,113.02103806127938,Maize
6.014394494138794,70.51610374727096,40.50697208527877,33.800937768188994,56.322026230939414,18.6688902430493,96.58876569288702,Maize
5.86120572410976,61.6042172615564,41.611616245730275,22.943265021898906,55.95954470991688,19.077114006721885,114.64957588117892,Maize
5.509070564775968,64.51580656592934,42.46494916265103,26.15358178955897,68.52119119636531,19.94033463928784,117.94993918309996,Maize
5.808691565484133,72.24698325400489,50.93354529794624,37.68957455193518,61.07986511006262,24.414710629875703,71.72748002210399,Maize
5.749344043077488,77.49467453346543,46.556763977000685,27.44164509925792,65.19647316856776,22.06588178907369,117.12374679834016,Maize
6.6068916534982005,67.9228772772026,57.61790321089505,20.992118166989655,55.14125384378418,23.58043601065092,73.61871236829126,Maize
6.6158577809532275,77.57624093161175,48.47540239861847,26.842652002237898,69.23101464275132,23.338229193930488,89.342904026957,Maize
6.027474808512858,77.28645419036415,51.37910966563702,35.243491743632894,66.23613436701773,22.1021885030071,86.0216598792228,Maize
6.772707661609397,60.89766055027431,55.878702669037025,38.81984645148874,62.46420746136014,26.899527449422667,108.3058387224681,Maize
6.7675594733449635,61.851600135703876,41.02526918351997,28.03752542473479,63.47512459568179,23.404204629369513,104.93778905162392,Maize
6.0354736442029955,69.0423242331209,43.72839609707949,34.987388732899134,60.913919376260516,20.448772662559207,77.51467040986844,Maize
6.622913062872748,64.47803706984563,44.320628807861446,39.34542380740595,64.30250039633776,29.485617990477554,85.62630272162059,Maize
6.21265051103758,76.93865648555058,50.5009868049077,34.145578238113345,55.0434575499106,23.360717624431686,67.40699194862131,Maize
5.808970053815442,50.02830245802893,40.7853010329732,39.545676463538584,54.84707390273525,25.959728514048024,110.3459819279767,Maize
6.325990688854846,54.59433500251868,54.562328746723324,32.005028201991664,64.6250117869475,27.236959474285044,118.5246220610847,Maize
6.360344920040065,60.24923338071805,52.96929113800474,21.36881418485252,67.94794636643172,19.43257213605836,79.6705702731491,Maize
6.723618070939182,67.91937134992136,47.872710405548844,29.468713187500427,67.09094786404361,22.080052632718704,112.17898108873028,Maize
5.632201646465037,73.30395311625892,56.95095266109473,23.636353056746774,58.60693064744401,19.985997295963866,102.39624773965306,Maize
6.303021652092485,69.05970040124963,43.929739339124225,24.23491724104839,50.82994651019813,21.864810422348757,93.5846796800205,Maize
6.7869023709959935,70.00782342376041,48.70792646799503,39.062402287882755,64.38490401151664,29.1619824343506,91.65527839632995,Maize
5.88835641218971,51.58480059094166,54.521697029677014,22.42605996011068,56.05550256543934,24.389650894606767,93.86499526678486,Maize
6.400874795480704,54.98765991049102,47.59474809643297,32.34388454233933,69.3963772926757,26.731573652396264,115.35622542563746,Maize
6.643318087471266,67.75150906677202,43.84046738272689,33.33371303785026,62.46759131919814,25.2296300454872,89.38715207929445,Maize
6.292984905983913,60.03327581354312,50.38625385284607,23.951118113569564,66.10348794720754,20.229323456384492,65.09797739336798,Maize
6.1543690395357356,69.74922318518185,48.754336498670824,25.53508263902617,61.163423677808815,22.164028024946397,115.97206140759798,Maize
6.883967709405358,65.07115459916287,46.55767988036517,34.74264827913278,50.73425886966133,23.697228072523814,80.17940365622002,Maize
6.880803827653832,50.360090818180474,51.05629751436698,34.81327162133252,59.70035975048083,19.02483636195266,118.34768340167413,Maize
6.277015647064147,68.42558732957033,44.732195654150146,29.669961702136078,58.58298983916644,18.898750104023804,66.36962121284803,Maize
6.756208779428162,57.194598566197705,43.89916542997261,30.098229025002787,65.37494262725026,18.743358222947855,94.60847517829535,Maize
5.67881566426086,51.093831524768554,41.05487904324435,36.68328216416883,52.35944967256123,18.541816372947505,86.27399322857474,Maize
6.765990207913037,57.87225129467906,48.43425235051833,20.798450651275026,58.98157028269752,24.931356967645605,94.25442322512869,Maize
5.998640038261548,59.465995419894064,42.13247237873196,27.335966412925366,51.989893377459296,27.19915133654462,117.97645786489116,Maize
6.955111685000061,75.95213298126181,52.01584298679238,34.0173139448776,55.70411605360828,25.569245042071447,87.33897296639265,Maize
6.223026009665399,72.73329681125475,45.63836711194503,26.360792233890397,68.49283582257273,18.67469153821167,89.13805790480042,Maize
6.869201200611792,68.31089023454471,50.928141484242644,24.994883584587104,56.865509781288964,28.224580989656317,93.55308790610749,Maize
6.27211329063517,52.98739140620087,40.32056312910246,39.27370377374098,57.53972334573683,25.238556745194053,64.7829043912371,Maize
6.52467142858457,77.97700126117883,51.513305059948394,22.52230644750821,61.634430549469535,27.19616655725583,84.38499219444111,Maize
6.819756621912202,69.46048860072094,57.98497836578405,32.47010622494675,52.62575944009649,21.71630053326227,72.10769689514741,Maize
6.863239746575293,72.81200201862448,53.52796737820012,26.019326392632433,53.68089544100427,27.07741305586694,88.44947675274477,Maize
5.838684328225944,68.49865934495826,40.80667704276904,26.52340508256507,59.37113989182269,19.77550000931287,119.07926865545038,Maize
5.813646046884421,53.910593901297965,44.07069747773793,35.381222663194485,58.51011318543686,24.784991277030457,61.26054941918164,Maize
5.551646962859972,63.37476649481049,56.33310486403247,37.70477757415131,51.73413135191281,24.460357225212274,114.79378117675623,Maize
6.08195913159683,74.88697494285105,42.67391308798872,38.707889793355974,65.02846635062605,29.29601271344282,100.59703401315039,Maize
6.04510589799914,78.14543517574168,45.51133552618357,26.64345044123465,64.01616836003481,27.183795594304634,115.76420903094923,Maize
5.807203613584314,73.93994105657671,54.77092106793927,21.275891125071958,57.74446282420414,21.393185484721183,78.26942546124182,Maize
6.974420319332051,69.28332240439784,54.35352315586999,39.532352746300184,57.544035649152775,27.62208202143367,86.07185779826972,Maize
6.80430050772247,55.4197262393391,58.95372354128559,24.375434168217595,56.52441013961863,27.074306809281367,83.6253084939244,Maize
6.41231706514967,63.337205032082856,54.84739874179564,24.566625047372217,51.16915974473754,21.599152769676795,88.45851989210581,Maize
5.7520300782890175,60.64391868969166,47.99966036587137,21.14783687376547,61.66614496368409,28.61212113565545,69.10457477718315,Maize
6.396712020102271,69.94217614732538,48.38669360838577,34.0219517472854,58.21463086982024,24.05564745572922,60.441182673265615,Maize
6.537580171202033,69.84028036834174,40.76801754652689,27.36500214790266,69.58063681583334,23.0488387508234,90.1167243079105,Maize
6.864895237239578,71.51785627597269,51.64140262248447,35.95609362682145,67.28732532911947,23.4826568608472,88.50650189591012,Maize
6.772101871303672,99.00118420055381,43.943325085807004,52.49669198624217,47.25919246626037,31.247279230871484,53.43769532112437,Cotton
7.099434510326622,82.51492836927106,47.5549880972525,56.11983810828162,46.52929218984366,32.249952985410886,52.730515160673455,Cotton
7.943690602650969,85.378457323096,35.81753708463165,64.08220525967775,47.15715567034978,28.963740617005826,59.63381982433501,Cotton
6.258142493861763,78.93578195170633,45.60096174080087,64.14879095585785,34.5496320738708,27.16040499492674,66.63647382551895,Cotton
7.879848745771418,80.29080137770073,49.7624815190927,64.55691367296069,33.58327836580302,36.58482119331562,73.01776865674134,Cotton
7.419342687009049,99.51134749627455,31.00350700639948,52.900836793627015,44.40913482925512,28.663725042841136,59.21506984750495,Cotton
6.078723759639459,70.65540135958605,45.48971206239582,54.0330028210865,39.35441231942302,32.876658597333275,71.4175900284423,Cotton
6.054213304672466,93.50504507763726,30.21026449083307,72.85669683132451,47.866089875762455,30.62691897374324,76.77712365488992,Cotton
6.953966785235307,81.67625855870317,47.74849070740721,76.81800532009972,36.71632729283069,32.99590680219107,96.34537810729321,Cotton
7.924116997882703,85.26877121266142,39.056496105686534,58.36082947785577,49.177437463808204,26.856585958147274,78.99147880238625,Cotton
6.565100535037278,78.3702487104339,38.09937174752377,79.96378807446963,31.099326136796442,32.521043636645906,54.12860790176386,Cotton
6.3090416599810375,83.18688825318696,40.20920262692883,57.763772250935716,36.32914261748832,26.13057126332713,65.16098919221253,Cotton
7.933116878761088,98.34122145017446,36.6975658027397,67.12561808836284,48.19190782221889,25.080389694331657,90.53417851687959,Cotton
7.896739105577838,72.73977203000672,33.228953720658424,78.82238908314066,40.75080287280693,25.18455624813241,62.88159993817646,Cotton
6.899887348537719,90.78726733074303,44.66320756273599,79.86264538776368,35.750223987675184,31.99686132429018,76.66617739298025,Cotton
6.8112905188944755,75.07485681527261,49.549131263676855,75.59951559999757,39.966660565884744,32.842190494892385,61.36305267798311,Cotton
7.087574140783493,90.84910399364428,40.30334056773178,79.70855511754823,42.226833124954524,29.822658263698198,88.6076013807919,Cotton
6.340925023163284,81.53547441118799,36.939179007551715,62.954212853233315,45.63559651857453,31.294249418124295,89.70072251329813,Cotton
7.152977806279732,80.26208303972666,46.19957487366945,57.148690116592746,34.48765959599591,31.558538012712866,63.04246229810445,Cotton
6.018174069902432,89.44892581896404,40.22187642944796,63.36553443479484,49.33937029236631,32.425589391517875,93.17157888946923,Cotton
6.278900472410321,87.07619389388283,47.35959253461806,67.49317271839695,44.36028356254003,29.836566381558697,54.62247585185333,Cotton
6.915800590254143,81.83438172516573,47.34120364757895,57.31985907057417,49.334684550702164,37.45579555745845,62.381582153571934,Cotton
6.6961039109546405,96.86667222621655,49.33244441792215,63.30317308508132,36.41994091281796,31.83922217227005,84.38846031828675,Cotton
6.54694903074996,92.09419523857218,31.03314714229282,51.478834782932495,37.725754102910905,29.595151496789367,65.78166076835761,Cotton
6.98203952533782,79.62200746934714,33.84515836936184,59.284086472658025,49.4980854562047,30.344474420933032,72.23563884291679,Cotton
7.15308997990228,99.5002230524268,34.83202552871526,70.43846331597301,44.319693870834485,32.895217418309855,54.4289169818322,Cotton
7.3537445516551525,71.92284133108527,41.92285299099794,72.18743531665228,34.21939781239901,35.94108609805606,51.517690276650214,Cotton
7.687625727316612,83.80987151928295,34.351758798632886,54.01334434981904,49.066143351647455,25.944652638555038,59.95467099679628,Cotton
6.6956446948660915,88.60704546883362,40.89602170552197,53.769304772369416,35.794559674764294,28.10377302411831,60.67714272451707,Cotton
6.822288672959974,91.1209435777497,34.34905864434472,61.00036639108944,37.818348536823244,37.69393488266033,97.73331784395344,Cotton
7.600275165504152,77.24976762457555,31.360746281833393,59.50712413161874,35.33589098867662,31.57703540190312,88.88639550338965,Cotton
7.716645877757716,95.34592256231525,37.19351122446135,70.61703030382048,36.2566839504844,25.791772062057376,85.07826328014711,Cotton
6.0196551051395755,82.27547762375465,36.58758538604151,70.80132615556558,45.324909455207575,28.95323026762669,90.58135072224268,Cotton
6.587833521009868,83.38979079959684,44.54037054028268,70.78760687674365,49.747369446244,27.927093314807113,83.11589567697911,Cotton
7.219363816551555,97.45295363470089,33.1272428328975,72.55394490760798,41.36537232537537,28.57065630724277,73.7217457073587,Cotton
6.667553194139596,87.37940208365383,47.780012216293315,67.07914953236606,42.63444836653168,31.743722012491222,52.55827532227379,Cotton
6.465717113752189,84.76005188296249,36.20470567489409,55.45290793283583,40.08265683836876,29.196527314822056,62.90538215867073,Cotton
6.927970834880762,73.9985277424652,48.55491466150815,76.03106293757718,44.15241171481071,26.38077975864993,88.79386272348465,Cotton
7.615914656218038,93.03293853143013,32.279317742384826,69.31723871203295,46.68649591498797,32.50559421585568,82.32036876140445,Cotton
6.916726958852612,85.86121959652158,30.687537167034506,69.16889065919854,31.628944257823186,30.655189726422904,64.6327548833704,Cotton
7.090855900423426,74.00249006569621,43.83286803946636,73.85034610785411,33.26708899486313,26.35607013557447,57.275774139367954,Cotton
7.754255123797003,85.84567785269068,39.34521992015005,53.20135457307063,42.991120135139234,36.28399469463617,91.40929346617264,Cotton
7.252109417961602,72.2583614995502,32.24794054352026,51.47926961329474,35.14958432984939,26.76359907308491,63.002402012621694,Cotton
6.770116111437924,98.28948352213408,42.207521195633845,75.04921357048887,44.20703001424664,26.46254069684621,86.79602031869744,Cotton
6.550197763118248,89.1732354098412,36.81923947285977,79.93016789793978,35.27102958993556,28.628696120065506,96.53361277811992,Cotton
6.049288809272645,90.90066963619591,44.506527814717565,75.09135732231198,49.48878621276951,37.68282494903648,53.263837878323194,Cotton
7.643678645505805,89.38929800972144,42.946842687461825,53.85049779844084,43.00374332891307,37.77227354781622,95.59092847697235,Cotton
6.878261321609701,71.19843919858283,37.245869800004094,74.79170934801665,44.02998202930332,30.971467522721433,52.75507675794155,Cotton
6.853789455646606,84.07074819153651,48.57111065788272,69.23258310746479,36.23305833309298,31.82913743785938,53.302765391108004,Cotton
7.945136471299474,80.80179705792177,39.55734709826272,60.658519227107675,43.650234602324005,33.60901805828471,85.76611552645679,Cotton
6.536286459223842,79.47005443492198,32.50502462192416,69.66529915538338,30.79594254671305,32.76987036180497,93.4847942425817,Cotton
7.781664296579267,83.47113281109885,39.18607376426148,52.309075490240524,43.41530050886071,35.67637246484699,62.23275273023565,Cotton
6.842601763266729,95.16518010295812,47.54240935324576,57.29539940792678,41.011412690827285,27.502410958265752,55.093938206977825,Cotton
7.822241002783915,94.61522512696328,45.20069803606348,51.46298956439421,46.87457585420515,30.694572986769987,67.11975616479299,Cotton
7.092952722050753,72.74059728170667,45.13293098704798,67.47305230664888,33.73180193746335,27.447018596997594,59.21243257863371,Cotton
6.114004775103868,87.63395348115054,46.80696355177017,50.524946419621656,30.980092899425472,32.44601359693029,90.97478426930262,Cotton
6.653477781137267,80.48843196423167,41.92692994993552,58.226386673724406,30.532167321553683,34.55797073532075,81.28249564707265,Cotton
7.161511998111318,92.25052386975469,43.50461675124075,56.17645964534964,37.04962093886702,26.639431841822123,56.49285067089405,Cotton
7.352391492713078,95.75800320947495,49.25465167722278,68.85041352648334,33.68202646721914,26.3734544908361,90.6425485768379,Cotton
7.1575129527199985,88.5485506304116,45.62924177509419,71.09831683197355,46.68916505712193,25.73078077097842,87.37603183732524,Cotton
7.701705514644191,78.58405127374942,42.80894547986506,59.42486191510916,49.15942132964908,25.434506441661547,78.98964219164776,Cotton
6.33300709409903,91.36660615531476,33.51780566837324,57.06149785695072,39.88741622091516,36.892854349959414,60.58571860739854,Cotton
6.288480042236207,92.76930495562092,40.01239064667862,77.35355337145315,32.93229114319685,33.39706260929951,61.64395730759075,Cotton
6.313520857303279,90.50288245471812,41.87369239817467,72.64482375086993,36.18925152892365,30.82363153296847,70.27358381652093,Cotton
7.968178927933028,78.76746870218163,35.896344766935336,60.63644626485822,41.29188162580643,28.280195675428686,95.7644970189637,Cotton
6.531371129732527,96.87447194680584,32.069501272931696,69.69688107198957,48.139710368764874,27.193742699176983,98.41634800496274,Cotton
6.905766720831023,98.37145325323073,43.536400872600936,59.04760609620655,33.766050498342125,28.94855560092629,54.65087046313375,Cotton
6.28773593268666,73.13981321039444,38.458870874831156,73.86735128772759,32.8276710843268,26.694165631240367,82.17144747586653,Cotton
6.394365963936132,72.92830114326975,33.33697156411155,77.71194187630329,46.429425055523815,29.602839310616222,82.79103836636963,Cotton
7.074551347336076,90.31372790447692,43.65342304925519,68.8620204517998,35.32202737074617,25.507083469916637,72.77833909950544,Cotton
7.781947769381407,87.08491775555729,46.64782083403816,79.74873028883684,33.27232408276552,33.993109308845774,83.71467868500123,Cotton
7.959910894716557,99.568022018584,43.733572234482594,57.30844375946583,45.971116762611985,26.391378744743495,89.03496520858144,Cotton
7.820392248289393,81.48500184305306,42.612705899661606,62.90428196290479,38.75530109976257,29.03482155840556,88.10648102251622,Cotton
7.87235312833301,98.22252577703384,33.495625697498674,76.24230948969698,44.748628828542444,28.286886208973762,53.364230646075725,Cotton
6.535994533768756,97.36624710344577,42.66357349791544,71.63163982693615,35.14304702218192,34.35204602247266,51.40607531389619,Cotton
6.750642691546028,88.80260045626994,32.9219313108264,74.69010723340804,34.70062597623837,33.4796544666398,70.25985712876648,Cotton
7.192087190955294,73.22351657886725,30.338255998432146,77.28693282140904,35.39260017534366,35.65580103614597,99.96751502361002,Cotton
6.4228625159978225,77.95512223550067,43.25719575269331,78.96345903801864,48.316286963814875,31.537381760852604,89.75551412633624,Cotton
6.271491706199802,99.32314552612037,49.28706468071973,54.911868736375126,35.988462496062134,26.30201496758797,63.58587994490898,Cotton
7.6319115788304135,81.34946821495778,31.76793934293517,60.26676574336714,49.6276666848256,33.18588673836964,70.80804732030789,Cotton
6.33307702699454,99.58530391851085,46.416980185262574,58.44431907352758,31.40137391442379,25.736132245908255,56.01890747527669,Cotton
7.161537167228843,97.86290263616478,39.93486856011969,75.28836447368592,38.917732397196154,34.211586094981726,86.59363686432505,Cotton
6.347927411806677,80.83648176927436,42.74604313076048,52.12089824553099,37.23080375525913,31.952393061655503,99.81122465223194,Cotton
6.9490671252448815,94.48170271342971,38.641345701332355,73.89172167859127,41.90829603240217,36.52574073953118,70.5471276175055,Cotton
7.208608839642958,88.90056041856482,38.347658836009465,54.32936131062445,31.871188138246712,25.21673015779523,93.67671321226072,Cotton
6.472949824477389,76.34520247845305,44.720708008521314,59.600483392621754,40.12089384823673,27.11264384886693,97.98728607309846,Cotton
7.703162800034475,95.9136886889501,38.135474971440104,72.87083641121518,32.877523107795604,25.112047033693145,50.998646628901405,Cotton
7.173203474809121,83.66184715743822,40.3603069781704,50.22389421251658,38.45373239314851,34.33488609561119,72.13468509837179,Cotton
7.464438412624444,76.99056893190505,46.26284008963451,67.65293721360356,34.21526198859812,28.077366186099827,81.40152322847685,Cotton
7.659879186424886,82.46883346087466,35.16600858255185,76.01034820731802,43.3853658350167,30.825111334679995,74.39500976396509,Cotton
6.408512935872793,88.80407890194532,37.17485021085777,79.86935530023048,39.603670305237756,31.31651288046497,78.29258937053359,Cotton
7.833512006237493,94.0245429957925,39.022601395956826,71.56097797918387,41.724709975615234,31.400771633116236,59.61578863921753,Cotton
6.927872526909782,77.37455761067724,48.296842997033096,60.06220440489041,49.04528029066745,31.929718771231244,81.57721893380801,Cotton
7.0858808889786555,73.88141850900102,37.51642438015882,52.974383368328716,42.45908088366764,30.809364537605706,88.89924857854683,Cotton
6.44094096199874,74.93698175288004,38.12664461927535,77.79756149655144,44.20843630024824,30.446007122307943,75.86360848771552,Cotton
6.168426022354197,99.5372768912834,43.32814609389838,58.56212205390268,41.71616788430489,26.423270758896923,98.29183344037918,Cotton
6.349569975766732,89.44090954165642,34.90908925077861,71.52684147945607,45.53642734480562,33.75445647584863,80.72497301275962,Cotton
7.784938187904023,72.35880132969274,36.6182953156039,57.44862438892538,49.76027924130843,30.062067135669356,86.63063496201994,Cotton
7.369450327762009,76.36243712432133,34.779953604231025,58.438536906591025,38.22254556518759,28.04622585345685,50.98257413734239,Cotton
7.758786113614391,98.96829494142652,36.83140774063136,60.155206382764185,30.14183625548742,33.84325894829486,91.27199478743144,Cotton
6.293216600720006,74.78999048101453,45.80166499942875,68.48872245062434,30.89721115255434,33.09311087600966,65.4458861421883,Cotton
6.737450310941692,93.0919425489064,46.21870385345221,62.01069880519492,48.9430587201271,30.28401533337694,88.5918017615055,Cotton
6.967754529128518,96.92596979566252,48.155224873003576,52.622504236132514,48.72986662620451,35.73195293976541,89.56553571563335,Cotton
6.401822679371045,94.15357626263994,47.002654693700734,58.67451003362453,49.04520156724648,25.648181903189137,57.495462662356985,Cotton
7.075162276103029,87.27377413366929,42.90300166601807,50.50907387946399,49.20733549244261,25.579645205543873,57.153097636170116,Cotton
6.028029035052114,87.00575299882284,48.645337678419445,69.97841498241392,46.453149369608546,25.17265564496154,77.1007649239863,Cotton
6.919125955011044,84.96903832662379,31.444263706703758,70.53306083207923,40.06440829717269,34.94693504819643,74.26453170308577,Cotton
6.298763272452864,89.44770862233466,33.447727242103326,76.17183690064445,42.262324781384834,27.043650486240406,98.11690287406034,Cotton
7.036730926670641,72.18695355614965,42.536658088301344,57.59596721038431,46.07386903754605,35.63168695636048,98.94736779273309,Cotton
7.003739062049007,83.64870639183212,45.069512108929615,53.974119690257794,40.938310275862484,32.101218801701066,54.47365614051936,Cotton
6.835968171013827,95.59854395701606,47.12307243989321,52.97712994759043,31.814417654956618,28.415041201025158,93.73830312769968,Cotton
6.257805170146998,91.59990407882339,32.02331239226206,68.69413561243476,37.1213459823829,35.25588151855627,61.68452244126818,Cotton
7.2784036587799195,77.07047603727655,44.27320566224307,76.21034103682246,32.5360359825352,36.26574395174154,79.6787627207149,Cotton
6.254220981734048,82.82625566079136,33.21720586970196,71.01043666599708,45.177362688359,26.375354763546387,75.30699263473221,Cotton
7.629250112051834,98.08489124652989,40.2703573348354,78.50837670834221,40.7137794091206,30.124476429798804,92.41015642764478,Cotton
6.985965420916179,84.15707531693569,39.80624978819657,75.40355005609236,46.63883083376104,30.245759901722746,66.66499299352625,Cotton
6.983856048078259,87.18317529211328,34.76674421255994,73.81865254146771,39.729655314648454,29.342592129459476,55.34104964819953,Cotton
6.477690320807214,98.47843515267951,36.10199373639053,55.06577868101106,39.213455833099864,28.992140663683234,51.757962513559704,Cotton
6.646290434558835,86.32325871818406,41.03424744039934,60.69676763530666,38.94605512505201,37.551732937051966,68.86742386151558,Cotton
6.516453626519966,77.30401132200281,39.15529225408268,72.78560446150831,34.11976368376946,34.22084965282998,51.057491167470815,Cotton
6.837865955967892,93.2759519560836,36.77465911548863,66.91211304336198,34.09958465651822,34.64594008464024,52.61395516343798,Cotton
7.7050852897510005,75.94589159265004,47.48796063416661,60.57587723901552,44.453671489489736,29.14992887122045,95.29558356173237,Cotton
6.253274251036749,75.35559367817797,39.86060250317605,52.45815317114438,33.91960369403524,37.268962968756185,98.82448305739436,Cotton
6.752518658660843,97.69858063041806,40.896493513468634,58.09227397621301,44.04797442161197,33.56572348547314,99.45626595543666,Cotton
6.530094574818566,90.16178507985207,31.04047510058894,53.40938116090158,30.078367499021866,37.99298885377575,90.1136848573739,Cotton
7.573446029467082,85.29178225864538,36.0013416581088,54.537928533880276,35.69349477692927,29.88762588507881,87.8155048490147,Cotton
7.079323577806305,72.32450879666447,30.360580179178246,53.06996538602189,38.20997427394759,37.13150792163724,81.87012406046108,Cotton
7.60365179975103,83.99123783513646,37.23332166390085,53.25201118149868,47.5186604437241,35.18108037736273,58.40590487988626,Cotton
7.0245211277525215,84.62124423763734,42.50183105373057,78.38560681973783,41.59542883524959,32.02282446812204,52.5161466467332,Cotton
6.125814952036048,75.62040373980366,30.649415433834967,72.30058686710038,44.46660607987926,26.768731047611357,91.80394503976405,Cotton
6.309572069692224,79.03526760992077,34.9795379832273,61.169212957191434,35.09327531779924,31.356362043699875,70.37039406773427,Cotton
7.9731389815586535,71.67779050384677,32.84362752774703,51.584776817258074,42.51682389964752,25.708620606378354,91.82198686880616,Cotton
7.023877261363856,85.81022873744601,41.231890154243885,55.12441118918632,33.95380606228975,29.14462519734906,79.67482079109257,Cotton
6.420235551880429,73.48995181399783,49.40233772836864,50.659454444288684,46.05394810672043,35.24445694447529,64.8607056922548,Cotton
6.271253232014627,74.36885940116271,43.94863234474385,69.28419773258521,45.654913485027734,37.18725524118836,84.5963681633296,Cotton
6.311703073102887,77.30327850296231,46.84387461746229,56.27918227502626,31.450446339089627,34.14264070254926,70.1263177745071,Cotton
7.840080105091808,89.50765213280985,31.808379555833216,78.43569701760983,35.17114527280492,29.383762375281716,70.1130206841771,Cotton
6.102448592808626,84.89546266691815,32.46636982150584,62.02910980065055,37.014195759841684,35.04692108454454,90.15852558163655,Cotton
6.306825764778176,80.99653562137678,37.46706322063663,54.54231331808255,45.96907010102381,34.1939682683605,59.51908931485174,Cotton
6.733443817187598,73.17415074569543,42.56413194186088,53.64115773645859,49.718683372498354,35.14886697094221,69.51192747919976,Cotton
7.157127864558709,97.34025448649226,41.08198560791652,55.23495459193865,37.57406711162319,35.96088324538669,82.2106507994809,Cotton
7.3014487686676,96.00464457065468,47.87946114925009,77.59377715338309,31.89698386506312,32.07363802552031,87.02547606091593,Cotton
7.513853690254027,88.20148605910012,33.335746703673486,73.92261661824993,44.402226670298916,26.119765030137472,73.19049123371882,Cotton
6.347954799043607,80.12431137138915,30.36162184411371,62.009896052322745,40.99753842312421,33.05457370675213,83.17451725643551,Cotton
7.67258262620492,76.4638872182719,32.40963644876936,75.54611515693777,33.132256297853,37.67188105737054,92.12691146993185,Cotton
7.0017532117791985,99.44264274766076,31.947534582160085,59.091972835253046,42.76448830081223,29.550089290151323,96.41862759903958,Cotton
6.131252176355635,86.48235496182893,41.81732534790229,69.58184371331672,35.113324466636286,29.73936355775824,92.18402648324889,Cotton
6.389885537940319,94.80603541520085,41.25310845805485,72.86562533582247,44.27214732526943,27.697649440003428,78.44063682169364,Cotton
7.735446305610185,82.96348710405788,49.33181540446633,63.56645300305154,32.85571273335769,30.062650841009752,97.58512031952685,Cotton
6.6394416986797085,96.04294479601188,47.62501363363779,60.505595729958834,31.665153161012643,34.41925281906464,65.5756149506993,Cotton
7.565847228515144,83.279645447813,39.70533484685243,73.33728220245611,37.64726662123256,30.760655489197887,68.80952343848111,Cotton
6.73468103055456,85.77839730704378,46.175988890023014,60.85304935767698,40.48509441075473,33.71945523075381,63.471972315182754,Cotton
6.555045609804785,98.00239381070364,44.47069146662177,67.31560028669927,42.95440108841224,25.380892760344437,80.90514827808485,Cotton
7.019017746448403,86.37249039338307,37.18847653661634,52.444216931388254,33.866784672241046,37.35968127176473,70.43497811354669,Cotton
6.933366311661729,71.58129369560316,30.751324590879612,71.51544341140273,40.76189328242222,31.613177794811467,62.15622652113343,Cotton
7.4895014632598444,75.04709737325476,33.7986948732204,63.821365140448265,35.72559724223882,28.217018756030903,82.26188222766658,Cotton
7.301943490437089,94.73551209399787,38.35417133945952,52.192552730784506,35.47332769842915,37.74007102155862,79.8129287616351,Cotton
7.41947416960204,70.22073488876244,40.36411464365042,51.12585972595409,41.38460424182896,36.97002104526898,98.42095652502039,Cotton
7.0811053507778485,83.74614415756648,48.900341884969876,70.20829495990085,31.29798559076819,31.05443250967747,62.01225092321519,Cotton
6.939608642897364,83.66396716019085,41.642896056294845,60.703114710477536,33.28540898911856,31.548352649669432,91.5101442172881,Cotton
7.328024456135204,80.15103597775648,48.71046045517714,77.36622713747546,34.186967987681975,25.51242860656472,87.06543541753811,Cotton
7.655220522698307,99.03593697854066,47.796727881766216,68.01604304619244,40.601046784247615,25.361933666413623,62.33282234223889,Cotton
6.919229503465853,88.85511700250703,41.14503666636821,72.27907969045071,35.595338617740815,32.34438389948215,54.40711216953961,Cotton
6.827331047166414,92.50482498863803,43.86801706858088,79.71928211516537,35.55782251975512,31.47646088926173,66.47652068869984,Cotton
6.88120622811835,95.70850389608165,43.684181503769736,76.47323574042746,34.07022216663773,36.35369453193869,52.98811370891922,Cotton
7.777198560874305,79.87221338382184,36.29175266828133,65.36265730095991,48.81380375446464,25.62115774085827,67.61154875353726,Cotton
7.713143977366672,81.881634323064,33.98313795194134,62.743825439942356,37.71105002983339,36.900410619067145,88.09671878715486,Cotton
7.010231111488013,99.65111700164714,39.305550625518464,51.747134924608254,35.2454864362997,30.668916242851065,57.845131207306004,Cotton
7.8951302526480855,93.00546693453319,35.36574400855545,67.72413600553747,44.42898314219144,37.23662607578837,94.08176745877054,Cotton
7.030384452276428,93.23957859379053,41.242895076551704,66.5811167013662,32.294839166763836,26.639789554209976,76.47668075112287,Cotton
6.537723089958013,70.63110707381406,44.45678407800425,50.97459790070495,41.90553682208109,32.009519323655084,98.44073452889023,Cotton
6.968426278695283,71.90804309133392,41.03375935612924,75.23288511848304,49.9369856856288,30.594461257957942,66.01493712483713,Cotton
7.813306593903998,75.73726387228365,42.30857830065853,62.17143272542843,30.821647299111106,29.51475016597407,63.26142612513373,Cotton
7.372182307886973,98.46371493075755,35.360943747572755,74.34397817455046,31.10719633876819,31.99557313051757,53.52750318549473,Cotton
7.868065982261278,92.9905384167217,43.158998224091846,74.71689144873993,42.95039591140326,37.59627716326578,85.69789739323858,Cotton
7.849317219164494,85.51395676031915,32.34128825963725,65.84533164269051,32.53745656126186,32.702415229293265,74.12465302638314,Cotton
7.245150795665563,70.30140943164494,33.896809833107284,64.73991295736393,49.010071231782696,29.98691752461706,71.21860130268173,Cotton
7.429392178013244,88.11378271858354,35.978523001966664,62.32449186702283,34.35399597714465,37.55827896869271,56.53171907786799,Cotton
6.743673569132839,70.77516916660034,34.43558983867093,73.41413415140465,34.02350464577759,26.040824232876552,73.72265899222617,Cotton
6.019938469469037,72.54298463279,46.1525173912595,73.14420034578819,48.30277640809792,36.108700666839745,84.15877816199091,Cotton
6.1046657146013255,93.48545853959973,46.91021621681121,73.97246437315863,40.169580706160524,28.027723902443263,92.26649878443634,Cotton
7.454325619480277,99.42283523166554,33.11385195511866,56.76993749156165,34.235962997630054,35.30301697907738,59.34536482250591,Cotton
6.133319659646612,99.95682419756886,30.496344228902984,75.05732180476596,37.30733683101305,35.9410009768516,77.73102456055724,Cotton
7.80326245897272,97.7857895924388,30.18196362561552,52.26236527978365,35.00717459141711,33.70110041272552,94.41360982557529,Cotton
6.919883902587926,88.20919348822797,33.769997055911226,74.14900501645056,49.3465622270694,28.491786127889767,74.74129758002732,Cotton
6.172232221012748,86.77409969388906,40.05566883693361,54.333094524652324,38.841324262361496,29.343360477125323,76.09154376525947,Cotton
7.171308670857599,70.25486735821629,45.22011965899111,71.39042875585223,37.325727724130445,25.688167162394638,87.74662698925252,Cotton
7.910350320956265,77.20454788066043,36.47049227474076,55.51438668445445,41.53872246689679,27.012938130416913,67.80969717306897,Cotton
7.3940260278685255,86.80347949028045,37.72925128655871,62.60748805422626,41.24221765246459,25.076241462533098,53.92549342268049,Cotton
7.762516135526023,72.33636967273873,44.1360719242101,77.60114492327158,35.41367208603462,29.816388681773685,78.44607029223582,Cotton
7.763417939277169,98.2571676178126,44.79126496222536,52.59859282564082,43.383083110697015,30.33394838434461,73.53504997455308,Cotton
6.0982967806903545,75.73186418039074,45.81027215067296,63.618764991435796,36.03324483262298,29.992247961544457,92.719975666284,Cotton
7.497998034809914,78.16946191543248,32.350036804247466,57.55994664932215,48.41512902109467,32.56065489204682,76.67401043723915,Cotton
7.192787199384923,80.98084797239545,46.142140406390254,65.6985874790075,32.334958055375914,26.677846622777817,76.84295732513093,Cotton
7.873140436141679,79.25056365028595,47.39082337718436,72.92286759736638,34.95624885813814,25.472429728111152,55.09236325711914,Cotton
7.45698786769488,75.9900921412194,37.42541841010787,65.05097498019275,44.50936336900325,26.47200590236863,70.31832026387308,Cotton
6.970145818285391,86.22481191914619,46.36721282790433,55.15034585129651,46.15662903653245,34.007419560056476,77.79354070994796,Cotton
7.399055740805144,82.3605321685497,32.76795171936249,69.97295720796102,40.493446133712446,33.311872407056086,66.8999390514245,Cotton
7.813733154679672,87.62109605726731,31.70804968581748,63.49411972113286,45.127121094872685,35.323749302519545,74.72985263818794,Cotton
7.789495141662602,78.03005311582893,38.21197394476533,76.9579073170691,47.92513432943158,33.91426599472085,92.949027356111,Cotton
6.177546533912466,95.94984928623329,36.41239813100454,55.34994537284649,34.787396726840925,30.43359060418053,62.55960023022336,Cotton
6.641135172032998,74.04935458214926,35.92353531117997,67.16851443626004,38.83707416182128,29.507343896066846,87.3226064428557,Cotton
7.787019942786635,92.70367668707192,36.640014042353585,72.33326503512662,33.03960364948102,26.694133845186784,67.28135185180795,Cotton
7.615404738088114,77.39044741726906,31.265068177973593,53.95128605619065,47.1748993705916,33.23918270171474,62.660058168498836,Cotton
7.110591650656363,85.8273886727605,43.10871956881323,56.99562663264849,47.288059743887956,29.021791307040168,84.70658269881184,Cotton
6.03224929274443,81.17971389682441,37.034196359176164,66.30453285749044,31.45472523554393,35.271707858439406,60.88904008837842,Cotton
7.35407562976402,94.0963636973228,41.23753912483026,72.22649620165956,43.23720624430011,29.6218873629761,90.44292695167826,Cotton
6.589402739771056,87.13638753254551,44.90795478283079,61.36867729437523,36.055352152348505,30.971498132246694,90.89817471745768,Cotton
7.859843526291329,86.3525023857967,43.22932410647304,77.09820866716743,31.97093702825885,28.017021512260147,85.44500031257913,Cotton
7.647488923824599,95.71087084991734,38.30214353709865,52.680197068756,38.7556295459924,27.9995496726917,64.55982274983121,Cotton
7.544535113675011,72.26581258077661,46.551624349614045,62.83007257472507,41.9212786220119,26.165479006063826,66.86795391786399,Cotton
6.179401838029691,98.84631168643328,46.14523298652501,63.78898263069381,34.47205096647342,37.13491636824808,67.22982978634859,Cotton
6.3219688633747495,86.89493165361864,48.875482406896325,50.114908715009676,34.762496865079974,37.1998193253353,58.554298342858104,Cotton
6.22648690327964,87.10561647399413,47.2368764658966,64.31329453081779,49.891285133690495,33.82923209399391,53.70374536052239,Cotton
7.985664263363951,82.23682710340572,35.74805067690965,66.73637550733656,36.08615183641729,26.12394759256198,50.07141715395883,Cotton
6.899166705840525,95.10590266679776,41.446303712601534,79.97621896830323,35.736932912944,28.64591584188072,57.98747301169721,Cotton
6.32812717653067,78.55559788030143,45.85680090547054,77.17270371909343,49.50174339415362,28.019765503253886,94.0648772807046,Cotton
6.656510178554674,73.38521633550653,47.40049851040331,69.08316903930856,33.29461792162123,30.587806347669034,64.36288474385339,Cotton
7.473589137420394,83.60248691872805,49.7855989021277,51.64234946778785,37.100305322724935,31.264702172429708,75.15667773741599,Cotton
6.631871644771273,91.87720747292704,47.49494146977949,78.16157905933589,46.10186753599052,36.057542564985795,77.52726503099977,Cotton
7.651776452853629,79.10511727443857,37.96957524218429,59.507390414556326,39.34774670895851,28.712535011102272,98.08057211272234,Cotton
6.625689256011336,72.9413361433282,40.53634332100827,51.71297235335529,32.21086332617161,27.8520620595512,73.21751249410708,Cotton
6.866501864618056,93.99075586008374,44.789493077682266,62.78954881972104,36.6740841515126,29.11409419279948,88.69975436470045,Cotton
6.10414481244254,70.38464948531818,45.91088783853296,64.31439127967148,32.61762277107152,28.062357149728516,96.62519765486913,Cotton
7.719005951249796,91.29355150671918,39.64450460674653,65.60970878574157,49.50489070567917,37.55501577049573,60.76345228929171,Cotton
7.622209132610636,75.91727998501051,34.270749557679025,70.2827910249373,38.10002197175097,37.11007729238476,54.45048674480044,Cotton
7.0230512816189865,97.55564591329363,48.0822732095901,54.69587640247224,37.33275400192913,33.048578200607054,57.96974423857011,Cotton
7.936044344091478,97.44247986182981,33.339003580689386,53.634663837829564,31.708169656165307,36.82276763247621,59.68119048977304,Cotton
6.83256985708871,83.4655409695601,41.98022088427135,52.15206031242275,34.53517234801032,37.10937502994604,95.42050536342848,Cotton
7.562581294811384,70.58203736854647,36.54013536992204,68.83876206028724,35.50380423546952,36.82462703569911,81.69447309162209,Cotton
6.143813434632891,97.27016766507109,49.155333163524446,52.33137255175176,40.6472046972263,28.943735668784214,69.64195382407011,Cotton
6.359302435910684,87.34216306037237,49.15958706497781,65.09217800814827,31.658291627889625,33.06001733520631,67.01114972256285,Cotton
7.711850379182596,83.04034444949411,33.85679217884491,55.73316868073435,45.37528361442321,28.45263877799568,88.36166970796114,Cotton
6.4117746215331985,79.65059106103928,39.30973944879399,78.29587549080352,48.63462849507649,27.68933438048974,67.91095206215364,Cotton
6.298798776907544,85.29955237940491,39.21165101389333,77.02280487352198,48.60010755582145,29.986376083094797,74.58689715094947,Cotton
7.792472498292266,94.20123423235185,30.073126226892985,59.601786925507476,38.435484838722516,27.98631168788201,59.97858079479694,Cotton
6.075569013191359,89.30109175209282,35.25020580966331,51.57041535293939,34.61958621056127,35.42488138686964,92.57445908232734,Cotton
6.966132490386605,82.48212011226059,49.55707387003564,56.016939787642094,34.30718565709217,28.794273301473197,58.637865914054366,Cotton
6.758731196408373,97.32502680969262,42.306956812571485,62.358396458367906,48.68821589142429,25.63003502218569,60.51380889509307,Cotton
7.131777210203518,88.46657869579538,30.791150131252262,62.09116273721396,42.983079296617454,34.07491710324422,81.90699512581347,Cotton
6.641126448721849,72.80560370793728,38.542248928386684,53.86263312104167,48.95247317041334,31.177221258294168,65.86295871784338,Cotton
7.5326081422378,84.93845777746792,36.200680480249005,74.35903227172405,47.343043020022435,33.7491061617528,52.348221120383364,Cotton
7.132645760333064,92.89884735991845,32.730060241671644,56.860122541538104,47.64990210136273,25.261582384089962,87.6363568912988,Cotton
6.947546585028846,83.40316476518821,30.141930649897745,74.58194692899478,37.196498012731325,32.02995320690706,83.86503431678298,Cotton
7.405259152875832,98.67940176478217,40.62679906473218,61.991586529232826,49.074072529834154,33.34743305533178,64.90751781382778,Cotton
6.252928490807142,95.27663504395544,37.24363205588303,69.81409164093293,39.41632838731796,27.586087137335497,80.08433043102326,Cotton
6.121366137901365,82.40027379613576,40.93229879327342,63.08140922355737,44.973443505019816,35.76302440908906,88.5621537016589,Cotton
6.077625895623604,75.82386311337916,40.732150185275486,78.04466121331404,46.699135501042335,35.95294860857342,65.16040968798374,Cotton
6.858895794157405,84.12117841947813,33.14743166699821,50.93204390733369,48.938057989210336,28.12926361362559,61.997445186181565,Cotton
6.166758107537519,97.85523255831336,41.59474229879544,70.01110571376061,48.23153774526105,29.493062195710262,81.0753655569042,Cotton
6.069839018511997,107.47090112924518,74.93737415269828,90.67073425353342,67.01285382914294,25.14491690551634,189.36207636196534,Sugarcane
6.000433808433242,109.64977344152112,56.24695425824643,70.01931786999054,76.11811685066883,24.076412422010876,144.89777186651926,Sugarcane
6.907674229427457,134.62580145490926,57.240491115124996,63.14144971171195,67.12809471699329,29.224170070214754,191.5897708103233,Sugarcane
7.470228065233825,138.38368590436937,73.7798743025485,84.15212315375014,69.8668317610476,21.440759949830934,247.96185724582537,Sugarcane
6.690266020635076,106.08912855667467,70.0012656618937,71.37153156381837,71.71556541862095,27.454446986290503,177.944876717373,Sugarcane
7.505013507981077,110.59868246221772,63.45897774853202,81.50768514363887,73.27249441534599,29.623690355561486,171.32494677417327,Sugarcane
7.162884499373873,106.02443812274076,77.97944301627436,75.32235225684013,74.59042843952876,21.223751900703952,146.67432857762492,Sugarcane
6.87674857978244,135.13009870929386,65.81765449852031,97.19481929175515,69.67593793165592,26.39494006409545,135.56708250506915,Sugarcane
7.444781239473995,109.8786164986825,76.98837468116946,96.43296881321584,78.866202237483,26.72253538013399,208.02219202187376,Sugarcane
7.401328584110994,105.24058474601863,68.02871584992492,61.37191605213247,69.95132166777452,22.7032694978225,143.779980375071,Sugarcane
6.657085620046683,117.29748666866013,68.69517273596561,62.977136737540626,70.07383522474889,23.008876432784113,194.61677275412643,Sugarcane
7.147328302070131,122.26837026211416,72.14886531434922,73.42436976963606,75.30213183266261,25.76043789879013,182.9439847819376,Sugarcane
7.166583829069928,100.73433535996895,69.61982664260745,84.74340596288462,66.1969423350656,21.943737133894384,131.82160848869535,Sugarcane
7.661802744573412,127.57117284903349,53.81307841312221,74.26892677235625,71.84965987803193,30.191288755997135,125.67592073269111,Sugarcane
6.4259396366460155,135.5899596118152,50.27496650551449,68.0559641117555,79.18048351945932,27.74742031174388,154.01727766287584,Sugarcane
6.120583969912525,101.12765361788888,57.342352389107816,95.25943278355642,68.31827308595018,28.923667060825924,239.3770545993945,Sugarcane
6.734472830885069,107.65109484149588,65.51353792570758,96.32334748239418,76.08748828275401,21.72412827699469,210.03446401008563,Sugarcane
7.0294155404261165,136.29852705385701,53.674442505508914,81.36144452818627,77.58925387023785,25.510261654159173,182.6593393052727,Sugarcane
6.126829219800525,111.12574561795643,59.73519947506842,97.80489794979547,65.65334721082318,26.06955608796617,207.26957506335637,Sugarcane
6.291930070334179,119.45769548567498,72.15617118427723,94.67420852108265,72.52518549324853,28.359588668486428,136.41685143599398,Sugarcane
7.702397695043425,105.3029630993793,73.24018811545395,70.59265287113276,78.67186287402504,28.919554933064276,217.99578268718795,Sugarcane
6.39430651150779,117.72159906540644,68.53439583767859,90.79894472826403,62.07918751824779,31.58601848099981,235.7286871720923,Sugarcane
6.486627462892052,132.91040972129326,65.5497176911947,78.47225926248075,66.2886821162281,27.390654452947516,214.8855853014677,Sugarcane
6.739679228932965,125.16876772033169,70.9793876346591,88.44487268061144,61.0393219626236,30.457225862535736,179.57293091945624,Sugarcane
6.472348947053186,109.67058029918726,64.49042338531851,95.47326157875837,67.56695163365293,29.24698321461898,132.58643502833843,Sugarcane
6.856902063871911,139.66744561570943,73.1131340837701,68.42113953762453,70.02882947395821,23.569872400134233,173.2429205441262,Sugarcane
7.404151242722937,130.84899261161615,56.84301133707155,96.88893272619441,71.85136365529654,25.17916720058216,185.25162550151188,Sugarcane
7.089128256187939,122.39562127383141,64.59215106608535,80.197312163576,63.528238208557724,29.940061947351474,190.428841592332,Sugarcane
6.235943751068466,130.64628406331113,77.97331935132053,97.89227596947848,67.38035464822346,22.490685609168295,187.39195146229847,Sugarcane
6.202696612828597,137.35949674050468,55.50738882065438,70.11063439804656,68.13273053769942,25.214809154150384,223.30617601172557,Sugarcane
6.821370276991733,106.83073040013348,58.01629686458222,80.36453540750088,62.9490783485227,27.728212432106154,193.54714985164895,Sugarcane
7.286464169488063,137.5081846151747,77.36763683303467,97.84302472275326,64.89431194047401,22.4472183730329,159.29597106453832,Sugarcane
7.6111533109793665,138.88213898493953,75.77974853211428,64.40070884510175,78.94855996119585,25.656938300858645,121.21033779910597,Sugarcane
6.7963087333467485,101.8427667870187,66.31633763483353,73.54216109748205,69.46869867188097,27.74487396817429,232.94414245631663,Sugarcane
7.191422837649471,117.36195473912723,74.58283561011095,96.22328550292528,62.39519932864395,26.851262753080704,156.98655476651774,Sugarcane
6.084710156178505,126.7418678045594,75.88312332377677,66.51610617909576,76.248273152478,30.387353068906357,238.86425754664288,Sugarcane
6.477513160354894,136.15812260759557,59.61988264209297,82.0935205382201,61.010149416645646,21.48269197205618,213.64851765518637,Sugarcane
6.800063960360024,110.2516950147687,55.71240488074731,86.79813963436872,60.008030880506794,29.864802861165394,130.30244879689076,Sugarcane
6.344681306834615,115.44945581196359,64.5457621914831,74.19980463255767,66.41424329968588,31.60307613280507,203.40535856164126,Sugarcane
6.042179319661299,117.20703633777254,76.25026099231911,72.05824745642671,61.891126895487766,29.342232487489095,198.78179815169057,Sugarcane
7.026562514087707,102.14306238429631,54.21497029386552,84.90197584852456,64.15647682917671,26.54477087723267,190.83461918382113,Sugarcane
6.51031294248769,137.93700622165971,75.27392320506726,88.89494030531193,61.55987732818818,22.167430212399214,184.06157496244424,Sugarcane
6.289284028543774,139.13061854117896,54.75560702082228,79.49871341855896,67.28242113683011,28.033250635995078,136.77473315562523,Sugarcane
6.774569570476304,110.98820131228575,76.63254574015065,61.623428485387805,78.27454988012919,30.162935524083004,158.684193137306,Sugarcane
7.420723178418788,101.2485424135499,79.0059665088018,81.06379770359158,66.0656205213089,24.988415338541447,128.63269594986465,Sugarcane
7.7808291252756705,101.5716778060277,69.64721369443578,77.70943710825833,78.9783243637743,23.705997143374745,189.17128711194147,Sugarcane
6.868241175448955,128.11465776200404,52.040306958572614,67.7515652009342,64.291296401857,29.119658303258586,144.5880305224762,Sugarcane
7.032285175003758,108.60975282003815,75.84874850251936,97.68741817958553,70.3698594988448,24.87539772630096,150.42751075227488,Sugarcane
6.089605802741478,110.74000304789982,69.62707339835954,81.34467725236843,78.88082556561855,25.359049887408705,210.20223450269128,Sugarcane
6.880780945455219,120.50304863696846,58.03322943812353,78.19803107367999,69.41569994025414,28.77306773923827,242.2831998941948,Sugarcane
6.592778299468508,101.68801874325194,64.88885376501919,81.77845328596675,63.368811022638305,29.36511066903673,248.04078409739392,Sugarcane
7.702394490615229,107.8842415529461,76.26089719702281,88.17974545646739,69.07693127613823,26.946720937572017,230.44802274771956,Sugarcane
6.864242891349072,114.92829476420508,64.79742479077957,83.16519216140196,63.781553075566976,30.909985032936895,207.6443033478498,Sugarcane
7.1398840512074795,103.97984904722553,68.12521814517775,64.8384264895397,61.57395350390798,26.800419852066327,172.36211942604433,Sugarcane
7.059858486281202,103.56888672228955,62.929491885417754,66.99146860180632,79.74200171848233,27.172652336786918,209.36679192231276,Sugarcane
6.585752905228694,103.78955659117376,79.2761258835061,71.45036141532734,68.47616370347149,28.148503138728323,123.21064869919446,Sugarcane
7.4584664349311165,121.4631276011448,58.346515612064664,62.46431941169877,63.24996830948883,30.845372447387806,209.18314911166584,Sugarcane
6.449823098946402,102.62403059780118,70.7184593715991,82.8963090387106,68.0903904891647,24.999725941090702,148.18585587078408,Sugarcane
7.2053002617675315,138.8267211117548,55.271457375104774,83.88466480062013,68.48370111491953,25.913575939191315,153.03914641661586,Sugarcane
7.485242776190554,119.41022416588964,66.30217556594792,72.19043651189303,63.636169313338996,21.945014270231024,212.83548832023905,Sugarcane
6.3532217070381405,127.6030141675519,61.711293381408616,76.63099203958606,69.38354992185543,25.044793589402975,133.0805970389367,Sugarcane
6.557337258005123,126.54937442775754,69.97353204406613,71.44897228959978,69.20205253115375,23.127919508131313,147.34837059887866,Sugarcane
6.041484759131893,135.8698619963098,56.321199952247184,69.10135507745854,65.59202865290264,22.40148878864972,203.10417481357717,Sugarcane
6.135257315719656,105.36809705305402,69.34270179770279,73.58642481925772,74.15895653402379,27.131672191371564,153.28275249799668,Sugarcane
7.17149031088079,104.65094721171522,66.09231149240091,77.48592420180138,65.35747165634882,27.6440549751345,233.27336700423672,Sugarcane
7.798028459573538,124.31051074973698,62.14117622987511,69.00828400864806,65.14192178790223,26.274004759647422,167.7461011664922,Sugarcane
7.6448661407249,114.73181870622838,61.20333773436306,75.34138049735908,76.73240420735317,28.15867152931592,199.84195054145604,Sugarcane
6.601457440290952,132.71616707329758,51.15091584067103,94.83188689352453,70.2549979958786,25.38075258349754,184.63174649329915,Sugarcane
7.201347954960896,100.5106170607159,76.14655569374743,77.86958101245571,66.85933039400156,22.52070122197463,177.13049866659748,Sugarcane
6.893380988311882,116.14586777973912,70.35980281480691,76.83586115036904,79.22835155693147,27.59205269605951,224.97213163474817,Sugarcane
6.196840625597062,115.89165171783623,60.10543104341458,82.77929552546368,77.22227040122851,21.861720395382072,129.4347237458124,Sugarcane
7.530571874683678,108.5140034415343,70.06259763349442,81.7151252944322,76.65787189774458,22.375978008200438,136.87178554393947,Sugarcane
7.002273048500953,137.85514613433483,62.44993275112263,73.0776840101878,72.13378646395772,31.234934605995342,228.80061826980108,Sugarcane
7.791870499319796,100.90274332809508,53.38574434138287,84.37871053466488,76.411528786677,24.13768776537443,151.09744144444844,Sugarcane
7.416556438886161,102.25527415412927,61.081479427477554,80.23236890369319,71.20697348700647,29.014766724720545,166.12994404598555,Sugarcane
7.102831820414293,123.41501691163825,66.42848301961241,85.61933172568848,65.18898342136153,21.931136289430917,135.50531736516663,Sugarcane
6.404248288777022,120.00791742091141,75.2132825163806,88.05173368353536,75.78081208404095,24.860731863187006,172.60498641431153,Sugarcane
6.708627394783103,107.67492737618007,51.83649974430716,83.63664371308907,79.78433366841172,22.83512675445289,126.0690265869056,Sugarcane
7.403157027283079,110.10344026738898,74.88931416058784,88.15746668138061,78.91347074101608,25.498199593323392,206.05607912858244,Sugarcane
6.8367386054638875,125.22354789234174,63.48796718023212,67.545289856963,70.15794832006762,26.814426215811864,225.37850027382092,Sugarcane
7.323937270428446,126.55166495765776,53.401612866577175,88.8246516265486,70.0061031270903,30.83509489716775,239.58322143697058,Sugarcane
6.099281863083214,132.82566241417913,51.13092171268012,74.68678502780091,70.84599951242159,22.629108784898403,217.02079563398,Sugarcane
6.015038467509849,106.74396193736148,67.42390489560427,88.5755024814917,78.33286205387833,28.76046317128086,207.33130513313256,Sugarcane
6.709814063431196,100.05137702107206,53.60477776206866,81.38218179024156,73.50259771688839,25.591931122861087,214.98827149869072,Sugarcane
6.939352131597921,102.96704782377249,55.760487529038464,93.59992892975771,74.49825493248879,30.842381857137447,135.28244238572177,Sugarcane
7.782400562307133,108.37626855799735,50.353396288599264,99.89691756214216,65.62147770890226,28.34821397763816,142.96870084291967,Sugarcane
7.044411357958455,136.16139945818236,59.60543502285316,86.81015904177437,63.75807177596833,27.872749385905976,163.7385457362763,Sugarcane
6.380174865458313,112.52728202814541,55.36523205523398,96.07664431351532,67.94373772634258,23.69807235471804,178.29301933207128,Sugarcane
6.576965100251692,129.77677015253303,79.13659735656483,77.52134626790587,77.2206679994448,27.224493809155817,140.44063646225035,Sugarcane
7.243120935746415,120.5373798850328,69.5181956975631,95.5874965028666,68.80869141312093,30.91295385539091,217.58697185661515,Sugarcane
6.879488866580372,124.12888542631855,59.76743397557034,99.34389198955097,73.34702326100792,21.48231537746293,162.46084774724113,Sugarcane
7.121965980766303,102.25333111196959,50.71652573957428,78.0009695811121,66.6538035938534,25.821284688364827,154.1501302844007,Sugarcane
6.296491944497365,127.5657342792135,65.43713348803402,68.00616844997467,66.39178852519997,27.509886984296585,129.3898152754221,Sugarcane
6.265415416679123,102.92982416429561,74.36951998142357,90.09636932848036,75.06625863758514,28.879578778236308,207.020105077083,Sugarcane
6.858585447680715,125.6911265402846,51.15084664363924,84.85857690627138,75.55755411073754,26.503941964228293,166.47673269554082,Sugarcane
6.499368122641762,125.7120820064833,70.78403595889726,94.8387039945017,66.84668164921982,29.46749538124144,192.97625714461392,Sugarcane
7.589105683220542,121.11248433182483,65.52889485193901,83.11508325763637,74.98630710284868,31.61159526711307,129.56323604804953,Sugarcane
6.096182284303831,137.50201349629356,65.89626876554618,84.59612058267744,69.64847203189458,22.03023197868222,219.85161919442663,Sugarcane
7.345004361159456,112.46813285971248,59.18717735685201,93.51365523622074,61.44714515482653,30.692156631922224,153.36601968646886,Sugarcane
7.0673725459598895,137.4397671600711,70.34367504609939,76.57719249868146,73.79068417810831,24.78377599948007,156.0435941253942,Sugarcane
7.794029900282423,130.0316092471915,69.34159932145452,74.21158572877275,60.98321658310096,21.341625636386713,192.04356320834384,Sugarcane
7.371658897870292,121.4951676177542,75.22355215817343,61.33706132372887,67.3350415285188,23.60777430291596,178.14548586042588,Sugarcane
6.130277507749421,138.1652656628429,56.69766203208083,96.8923110193434,68.51786310073363,31.8407654658074,192.0275898498274,Sugarcane
7.675499155516453,100.21395954776891,72.447164185427,96.12202612410061,62.794411339579085,22.057384369053665,175.19443893417423,Sugarcane
7.680622031039283,121.69546240761755,65.82369391165196,65.64504473197287,60.01579022186438,29.911540998200074,131.38469318821097,Sugarcane
7.1409296737235834,136.58465818060768,56.25955739475293,86.61091344947643,61.57397153415019,27.641306582213744,141.31112372391635,Sugarcane
7.32471640892732,112.04925179175633,63.90173026413939,83.97722168110487,63.42546821332479,29.15801600479383,159.3432442827859,Sugarcane
7.192269347842956,106.33132202797495,70.6435297761905,65.12752291241847,68.50712992539967,23.719266811127646,217.28878242566373,Sugarcane
6.471663008112374,135.26869225581584,76.75460634219839,67.85765260891144,72.27691890015448,21.964894058919608,170.8998229482118,Sugarcane
7.28397911310229,126.37692987399666,68.74102008219825,71.30163454649774,67.56049898868804,22.13240759170315,213.47296665636813,Sugarcane
6.906999834224292,128.35062529382617,57.468305743906186,72.97752914540266,66.68430674520229,21.283166507219377,164.33622346798106,Sugarcane
7.44594823233246,135.89193982998955,65.54654946907783,78.22006780876882,60.616492373987406,30.671247713439207,121.69132774536345,Sugarcane
7.700550144378381,119.56864994752362,60.2580348072418,96.9687373937064,60.48781986220193,27.39567384355996,191.3612281849139,Sugarcane
6.394776722180488,117.15549725400842,69.5679201783131,89.0852478752771,60.0143371741316,31.30538773100117,141.38829841106562,Sugarcane
6.420444781600247,110.53893782775393,51.13460409656106,64.922084943613,79.72699845888324,24.467384111150146,134.98914174407642,Sugarcane
6.192584270114322,128.77839870679887,75.63705992097923,70.2780919803388,60.4181902467047,23.453990202898915,127.34703980357845,Sugarcane
6.186110885934075,117.2603247939057,56.89755112584898,80.63783514101694,65.0698750651438,31.345910312132425,237.77271583041437,Sugarcane
7.020250989018839,114.17695967949544,61.434406461042066,76.47409132577988,74.55158644269888,25.968028950707218,231.37489304576667,Sugarcane
7.699370614674656,113.43784613515736,66.8208344412704,63.80226147330258,64.00938095532717,25.54812343381176,146.80635306723124,Sugarcane
7.577808883419691,106.33145024236393,63.66982464659276,84.22796961839502,73.8372781632169,25.213763066991575,232.9828789342147,Sugarcane
7.022974471940266,117.58031121790208,52.0172190215611,78.58757873780661,76.41471681631461,27.75995120043447,228.18111898478537,Sugarcane
6.88922100707875,104.73846820377928,50.40919537507643,72.12878186874364,73.95980942995585,29.69285894335863,158.4478685006428,Sugarcane
6.892177057589844,116.84475617736327,62.315683530542834,69.25394852800602,62.727422100589166,23.163574140543343,127.193210331235,Sugarcane
6.356635335282439,100.36803590501518,68.81775201907935,72.65501629550732,79.46289422853818,23.13088755853928,164.95771414024722,Sugarcane
6.64411408555476,100.33805984249842,75.17623859118376,61.27977840577299,78.80359669458483,30.812817862029828,189.61784909117526,Sugarcane
6.978472034840325,126.15111691824626,61.61150035804661,85.88889133591422,60.895367773769735,21.594523900846994,179.43995455054076,Sugarcane
6.989320141990863,135.51270561343276,53.13981901723689,92.90591708775557,64.20094674584139,25.33492013361035,161.15831652756367,Sugarcane
6.720279491157718,106.01981992290342,65.10710223210666,92.06570359325468,68.83068020757794,26.39674933488019,230.33978608657085,Sugarcane
7.270904606348456,119.6181763407914,57.73086944567539,95.39706987379867,71.54040803381116,23.432623711217627,154.98556784294135,Sugarcane
7.445639560085242,101.76582248349821,79.7627656108646,65.21406718859167,75.92137050793875,25.34252848448851,183.9881038273707,Sugarcane
7.58517103943624,116.51644758356852,66.12481261019704,61.971986496366796,60.04694947734906,23.692798603018986,208.47580207943975,Sugarcane
6.218276808046446,104.55047835218198,62.3288182410771,85.91348154432906,74.2414398449586,22.962957415082123,130.34645915836552,Sugarcane
7.692714661101979,110.42665530248406,75.60039492826172,94.53965801851274,75.45045183525089,22.85716967317827,226.83418970304604,Sugarcane
7.384651006634856,123.86891960424869,60.116061055068585,70.50034417066176,62.437784241607176,26.607327735909585,196.08391381628005,Sugarcane
6.646810182928417,119.01436270723474,60.905433721078,85.64024229282805,78.02518415593127,22.803122882516394,169.58314528740604,Sugarcane
6.25356348711155,124.99775081631327,71.86611528465787,97.27650930389824,65.57743852521929,31.452323264519734,128.22414733668774,Sugarcane
7.085424954056259,102.28530877373319,76.81322563285835,81.19236228280216,73.38696701525592,30.14731318501498,139.54038092291594,Sugarcane
6.069464811488641,135.1552458365141,59.44799682376797,65.15915631708661,69.36922474174173,27.581366832656208,124.02617844492632,Sugarcane
6.494812184862758,101.31199497107585,62.61006167586497,95.80400116264977,79.65304822987139,28.0075230885399,141.01290019199695,Sugarcane
7.63052890199875,120.64991292800242,54.612479363087544,96.86906677806645,75.14938101446207,29.048757999954667,212.1934914932726,Sugarcane
6.360611677973596,108.44026766830105,70.64878995281765,68.78891000441587,68.77343393606098,29.602020081533354,221.91382735271932,Sugarcane
6.815871190546547,131.6875975310098,75.1586538859417,86.1910300513704,64.56851704616841,24.014129584241022,160.92935020313558,Sugarcane
6.210247393921113,110.9263848147978,56.28557672937596,78.21314999234409,78.1687509574453,22.149283484293537,213.63483011316143,Sugarcane
7.237109407943629,103.8301679465343,77.677172147174,82.73888808627278,67.27451042271369,29.321924418448376,153.45750959221243,Sugarcane
7.248317706683377,101.58844830288989,75.18224112827815,77.92683388085274,72.73385828715884,23.43361601787352,208.01958264559823,Sugarcane
7.390032496607898,118.92852747537594,68.53180772185382,78.25303695289594,77.88182738515691,26.47656098565751,229.43513217374647,Sugarcane
7.442433704886447,116.42019285393425,56.902534755724254,76.24328530239083,76.5243475155044,23.503957894013315,188.17672496150743,Sugarcane
7.4509741463293455,114.13909900513515,69.26628911008092,69.82526296195257,62.1855889073632,29.73822647602142,132.8659210431319,Sugarcane
6.488486511143252,134.2043768798976,60.39407861236002,98.92181398056644,79.5946866954772,23.951036224989124,125.32716889248576,Sugarcane
7.269113911569683,118.03946010593376,53.022585318787286,88.30091275912172,60.62349818223842,30.572163595414665,138.0248287847295,Sugarcane
6.229161381744105,107.02689191874339,78.80799075476199,87.72677441015384,76.02743070927274,25.373984843060285,163.72065457564423,Sugarcane
6.422071212209706,119.22592113249635,66.55486200602505,85.27099374611021,65.14237007997389,31.435194889932895,142.06860476692765,Sugarcane
7.738175714579542,100.59424490030015,64.43377075450536,73.3347135246625,68.98246827860501,27.27731036878868,176.62659054165218,Sugarcane
6.746724330542871,129.30893661653226,70.57628825259394,93.33085128143392,64.99917962478992,27.7048136072947,196.07532210107098,Sugarcane
6.66552805957084,119.44230167610723,59.413464299171864,65.6737759046794,64.27602421325466,22.16065011041321,208.79904477471615,Sugarcane
7.1893093075964725,138.02425486319493,71.89035240941723,62.08183355024526,77.68490347857909,30.489426792402984,177.6316417004508,Sugarcane
7.0545534909502585,139.04313329890076,65.96913091544499,96.2128731350436,61.66077515620373,23.10157055579551,177.29814264737132,Sugarcane
7.052562255007148,132.649114074512,79.6478634542956,75.55405985896465,60.948312722801695,29.812886536248573,198.56949348076506,Sugarcane
6.357377145962763,119.79313826485681,72.26930736601173,90.81647148274575,69.99236823997524,24.35735983141745,246.58653566500416,Sugarcane
7.194052699721687,116.32950077385195,58.41389672613957,89.24411932014249,64.84366891187535,22.88880987871057,188.87840556506916,Sugarcane
6.521977306759455,125.1562057969446,53.53816024622701,86.19764418269287,65.66593055995405,21.00267227877964,136.50168749764293,Sugarcane
7.680507680103169,134.69418556461432,57.008270961087106,91.13487618181965,72.17143186347948,31.679951825948564,168.5687357394277,Sugarcane
7.226629102530908,102.54142889695675,61.887420404492175,98.55270644752721,70.77961748900242,24.16667453668329,135.6352252067189,Sugarcane
7.266351012326755,125.79424173718907,61.21816140811324,98.03765407463337,60.444056259757005,24.340962367950084,239.73903321894556,Sugarcane
6.577683788974992,110.09011335420682,66.02661229793742,92.9520699968215,62.06293521756722,31.373227806103095,223.3594745535513,Sugarcane
6.326250459992793,128.4803184479265,61.54876167912671,76.09178712305274,75.66580184877733,31.590632887788054,136.4652634701352,Sugarcane
6.7571344263818744,119.23766432337214,61.28935450864993,74.527564948649,61.04537335123193,28.540924826188856,176.7078742256059,Sugarcane
6.350628844759068,132.64134009208274,74.07682244454884,79.45566512355575,65.96901322295521,28.019019983760977,157.45977765106238,Sugarcane
6.4248142745826815,129.22058616105306,51.20975719162852,63.79073884138376,60.135763480471795,22.682375051229688,128.96870113235974,Sugarcane
7.792444262003853,111.55239879816358,54.47804038007742,69.63985031983671,78.7225114308027,26.721762453268354,167.4263525200214,Sugarcane
7.572104624236594,115.7996108219613,60.050257098730874,68.29130090198942,67.55593647818823,24.483527916186187,208.04951470875835,Sugarcane
6.521248868407309,123.08798985690245,51.97676495095918,67.65156626786057,68.14810543222697,31.30644179299565,169.0427581430404,Sugarcane
7.195333418159701,110.20348889685593,53.81100727919695,62.341464003202006,66.10826997085502,22.73427129476599,142.62135824209614,Sugarcane
7.36936675509651,100.63352283779497,66.73430377206303,75.1784552237386,70.13099999817095,27.191132609360633,160.73780027944616,Sugarcane
6.531195948331714,129.33607397339622,76.13830964363471,67.70326529834111,61.95237521070298,30.875753870312288,165.4864102741618,Sugarcane
6.992371303193066,114.38172578080014,53.77407009038154,83.57326579790913,70.5028170353926,23.23292915110317,178.74297580479612,Sugarcane
7.434505507228162,123.61704412431565,52.907519812009845,81.9208598891654,74.05476598579173,29.719737463588267,201.78528522245466,Sugarcane
6.274784696173411,128.40693066360643,70.3202553824455,60.97707531762533,68.23495335180486,24.662452716586106,207.02356835297365,Sugarcane
6.389044462159657,123.63487691897035,77.39617885442517,91.91209488834431,78.4291547243306,31.763565636259592,121.38711651080116,Sugarcane
7.12093429747946,116.51357591035625,75.79563471005365,70.07258808036526,79.62058978230152,27.75078766498122,223.15986228974802,Sugarcane
6.154079195080983,107.33831539035461,72.75211019102609,60.879460881572946,76.33755971787565,21.153439205611026,205.42544907796554,Sugarcane
6.657169056417251,124.45979410876797,70.8809422096734,73.69900876745217,62.15924896221671,21.766104545230924,196.56168293313124,Sugarcane
6.9371796367214005,129.6880403648453,65.29206530011811,76.89783160123517,67.96174356472461,21.290915928574343,163.62243622056542,Sugarcane
7.756836283544089,134.94222304908357,59.88134201102653,83.51181620265488,76.94593491070988,25.854017704250754,122.33452228751962,Sugarcane
6.134118831273552,120.41570885394826,79.08318127027636,87.72838168875471,61.41832382877139,23.08296963371049,220.2720086181905,Sugarcane
7.51459156792124,124.70778344754363,69.3326950888945,61.133498015335384,76.57060519163016,29.671027289879127,153.67456873343514,Sugarcane
7.275618095937912,108.59418425699992,51.20990483154539,68.04546170361509,63.57257753508599,24.71522796408332,174.39843463280954,Sugarcane
6.915370004695874,119.07015502033312,58.12023817895868,61.16682674296298,72.10203244474302,25.353193128320896,158.82738046038145,Sugarcane
7.560493877094922,129.86973231192638,75.73296645117327,79.79931178849844,62.61862504253555,28.658435797333997,146.78959139183277,Sugarcane
6.79421340436509,102.60003155795555,74.75925207268948,65.03762564190002,78.0619501409862,30.50653662487713,180.395759377102,Sugarcane
7.339862767747183,124.77780295272613,74.09226927013235,77.27220403143647,75.716169684887,26.087024987716628,242.3255524195632,Sugarcane
6.875469781485266,118.50477087734919,73.55215584690538,92.86310767043352,71.08978228642341,22.977775948445828,180.80857002448533,Sugarcane
7.742530505237421,130.1194477215674,74.33487811637397,61.31301995276961,69.3571892526832,28.11283247023311,227.9042488716497,Sugarcane
6.088692576448989,134.09755542567493,66.45202810225734,67.89255882304239,66.345104328994,24.10122506926717,189.01167445750184,Sugarcane
6.0930342238400375,106.34144633999693,74.38079130127348,65.30415962987244,64.66792538916253,25.98707666164573,187.22571545473295,Sugarcane
7.374498863305485,117.8932970666475,73.69593863106616,84.7338522818183,62.26199478847645,22.719645822321226,176.8143843084702,Sugarcane
6.714400907560271,129.74177078549178,67.42211419392055,75.52532324008997,63.41520566900771,23.495208125580447,194.8151324009777,Sugarcane
6.762189848819626,120.59710035442689,55.12032305906701,86.51625009378263,77.05077481711933,23.837334574655905,183.89684935813744,Sugarcane
7.755949192237623,113.3296696220291,67.85139034771284,63.607828008009776,72.12030004958886,21.985949506350796,244.70060659209685,Sugarcane
7.28819277373016,131.52639152542827,71.1231308231491,83.58916144305863,68.99825562171011,30.44210717737169,244.38863678059818,Sugarcane
6.898265111227346,137.26140196621049,67.49998729965553,81.53536747585733,69.08965465910714,23.30216537683132,120.48355590634769,Sugarcane
6.43471120834091,120.3889268641426,61.398798567792575,77.93940912010535,79.612964391281,24.852996077362604,178.78378211681402,Sugarcane
6.240327992435075,101.91830929747951,73.26228543777484,82.82732700287914,75.2140961208779,22.648490787752067,194.3377402537498,Sugarcane
6.456556453814476,109.1224726760008,50.34578042158956,65.21362894276288,66.18536222999391,22.28566636650033,248.1615972534219,Sugarcane
6.555538767343111,105.21295786809313,55.97246938483873,83.50812913365905,61.28087047729577,30.486775431552726,244.99495830082915,Sugarcane
6.444145357201285,118.00381074363438,50.664033530884915,85.62840898908885,68.27852116105177,23.970643127117114,146.8888243801591,Sugarcane
7.1772415397857685,116.64868124129258,55.38977867089736,87.56436325947297,71.30144566073388,30.44539260422446,135.2718668539441,Sugarcane
7.414199883500021,126.94067147269035,53.45032810484293,87.79282919486883,68.83094577759661,31.394832641114274,138.4094755803269,Sugarcane
7.157100103468328,115.27920181851783,78.70444011772634,73.19899581161106,79.243718189836,30.91634436210824,155.14982059038533,Sugarcane
7.446375198287569,139.82416807214025,57.57989006513847,77.47108677293278,70.4036147313352,24.244242493842506,121.98442915398387,Sugarcane
6.3962326395555476,111.27747537367034,63.30799103954561,66.84409913653607,77.46508713383345,28.7540224600447,131.07606208275607,Sugarcane
7.170166412051876,126.14625905622482,78.68663520930883,60.12083485424645,64.95864899611614,31.20570627312847,241.1774090017768,Sugarcane
7.297055554867147,130.63053284190158,52.74448873788941,80.55503339112934,64.63165982577999,22.99339847974979,225.33942888603323,Sugarcane
6.243068646024986,118.74606547985542,78.157347187581,67.4332822226137,79.5598684747647,31.937167843371647,192.23023010871236,Sugarcane
6.306256932318885,112.64419551763582,62.734784980296055,72.37296897432891,65.61271159753032,31.694526801379933,139.93742756404694,Sugarcane
7.3199902356903515,100.016411577567,67.8854800820713,96.6377201581621,65.75868188186438,23.040785727834912,204.71837333419552,Sugarcane
7.282682533137107,127.52122075807925,59.57950640064122,70.08809608637324,79.11837599924088,31.156294590969225,179.45115928606663,Sugarcane
7.523148959077872,118.09293910537184,62.73167054217531,66.27051790397178,68.52812112983946,26.911586324597877,122.92556256572924,Sugarcane
6.799403409315731,131.254248735808,70.4013816912281,85.4062795545574,78.19110856874406,21.19835210807753,192.41618620499042,Sugarcane
7.417227927137473,121.65341530805068,59.71686657741137,65.45002260367912,77.75126143632383,26.178386316263634,234.15497560814117,Sugarcane
7.054533820379703,126.96768466460003,74.1278346313535,86.36622178400538,67.96109681357875,26.64996722321516,224.39591820786438,Sugarcane
6.672570533471371,115.52485827073988,52.87070348174004,96.58337740886991,61.82072629890884,28.130300951934114,173.7152822443637,Sugarcane
6.730114902459796,127.18207346290735,52.01281197889636,83.74823131805738,75.4406357194471,30.110340336752536,142.1689506211908,Sugarcane
7.615354290140712,126.2458436738977,76.45564402462048,79.41122868440793,70.84066690194405,31.109421047315383,236.98824063610732,Sugarcane
6.8066895720642036,110.97650526542728,61.79511303692792,75.51057314119,65.73733749965588,23.954375647662633,231.93818174236353,Sugarcane
6.125751457232391,127.10444728398377,55.18460154369357,73.78023573576253,61.230860682696736,23.969710005410082,219.89473924524148,Sugarcane
7.593027584185066,108.86108607609468,63.906435177767655,78.81296191748825,77.47150611519469,29.39078958163386,186.7000383878465,Sugarcane
7.207344960849192,133.89420215637466,50.28616862076635,76.11560124200194,78.14486334554158,29.143443339283465,190.5693786634297,Sugarcane
6.95336014866324,113.91080390417751,65.61561600924543,86.21532797853813,68.36726076857586,28.855684610313915,231.96018954385016,Sugarcane
6.27843272673275,118.06188091269698,62.24060273855243,87.49859216198912,64.9973493051586,28.04276006447504,234.07360142509344,Sugarcane
6.752636879628521,136.4406279991688,79.79491216800434,64.24368199791809,64.66106375969717,31.454177266303027,244.58259924258027,Sugarcane
6.175873095696165,100.59994001508547,54.83300069769267,99.84051133528993,63.59999233221374,26.528023673942254,230.29430443596644,Sugarcane
6.036722899238772,124.17955929033837,58.31076346608873,94.49339665758927,65.66922298528158,28.554312923100998,207.6485522181616,Sugarcane
6.398688387947352,101.391967994734,62.27748721356192,71.56772607863479,76.17955499227418,29.8040060730088,179.4131137850413,Sugarcane
7.0917220055817936,124.170380639477,74.8147444528287,77.0000965649279,65.50893359581018,23.91538409954602,189.70499630668655,Sugarcane
6.808466764917982,117.60483083939745,52.73412017269122,88.74414962760783,64.27473375963821,23.166489932295935,173.65858163606114,Sugarcane
6.4100010149120425,123.35433069232062,61.143900180034144,77.9564689037116,70.74338643208057,23.238890747299852,140.24771097251886,Sugarcane
7.584759425172488,117.34894811325684,62.362808288976176,61.42448601091366,69.95952605174787,27.095866937721002,192.64931322410666,Sugarcane
7.272656104781191,107.09927339964047,57.56669402691856,92.4292186092165,78.94341233686788,22.495260221040528,184.69444208567836,Sugarcane
6.385517254931257,102.4029267341993,59.76510014378406,65.74750500736852,74.19866146868492,26.87097955038589,138.6984812287404,Sugarcane
6.016634859129926,132.32628196096852,55.28583218492743,84.24866568883064,66.73843826153491,27.440345321465394,161.03497150770212,Sugarcane
6.156491209246058,108.91800034231014,55.641756994372265,77.12077409758575,73.16567566852315,23.901866824409932,121.56909158908033,Sugarcane
6.9340872556765625,124.23037957435888,78.88611482005429,83.57883212372988,69.42345118756283,27.30741788487474,240.62708188206352,Sugarcane
7.491080662082963,112.91914933455232,57.117630909714116,70.50534449464294,70.08842079430426,29.184543963514358,185.4184969337851,Sugarcane
6.122033512490603,128.94322801759924,74.17910386012862,71.57991460478878,73.282514785667,25.692510911598326,235.58551624456757,Sugarcane
7.521406004689331,121.01727993238569,70.74516637440783,95.33398804088415,69.91434020156551,24.44575814537704,217.97659792824555,Sugarcane
6.396119258612445,115.54124592024168,75.97181711320381,88.9768936107726,68.07622010494998,23.36218952649193,166.27589080819075,Sugarcane
6.51138746860938,107.04357151775416,72.2999874069697,70.08279547400686,69.08334940335527,25.244453915197198,247.670059222632,Sugarcane
6.703966039466797,103.19929931187019,52.694772577162524,83.6301488541226,71.98727103476531,25.606348895309203,176.13968000056386,Sugarcane
6.097078649113568,120.66186041557049,65.14218426141055,65.98197274227778,62.076787722218555,22.359297396594396,133.1336720438636,Sugarcane
6.719416391073519,25.89447957208756,18.77145228281195,18.471442883028793,39.15670608897006,33.546174631518355,39.21979349406084,Millets
6.1551325878442515,26.296785269149915,22.378139391912356,15.392210649485072,33.42736017793591,30.231581498176418,65.94555713204413,Millets
5.8287853686568285,44.12327738183395,26.879415217000734,17.54362378433774,27.971184482882553,26.70152641144517,40.18882001830195,Millets
6.026492349661089,36.68709182077318,21.171163976406984,33.95465608012611,22.5274028389401,34.73692134850199,39.225545608570556,Millets
7.045747872763706,30.16909778518464,17.14622093125971,32.157783704924796,26.177217984729264,31.58855404226842,52.657747403465066,Millets
6.443512618781749,34.87458417945617,25.983568711384315,16.755458282468812,33.3636132391581,33.95812101398579,32.311527880794564,Millets
5.781306678467334,41.49895810106094,21.559224723669264,23.07097241627377,22.739332690884716,30.06770040717788,35.06181244785509,Millets
6.453240912621081,42.9084589688497,18.873965368307452,24.615723363594547,39.84031938793672,31.866504233540372,63.654270852207944,Millets
6.3296952131210915,43.03582769377566,15.607637594119828,17.4582236508449,24.061411858401243,29.019519246152196,63.82979513303053,Millets
6.1925321015758605,39.638635805463885,25.63971442205225,26.723647081766828,27.144839363402724,30.770533417135443,43.69062371158985,Millets
5.667747477104024,49.784119345580436,16.907736804487662,16.446967676721147,37.57061498414312,28.01834660892895,56.0118789629403,Millets
6.158011459324466,31.743628123834135,18.931694580251946,21.860880115860205,28.21400801173086,32.20416069092343,50.46144776939167,Millets
7.387130434313954,21.256411815163265,22.546024839480424,26.684495776634364,38.40393972148548,25.491585236214277,52.93998339740864,Millets
7.207259857055914,27.257831843577097,28.14438522785906,15.380868185485836,34.6490925826746,34.33113221168653,56.28790646560249,Millets
6.378058487960896,21.34643049418154,28.80170719983943,24.405924453831496,20.57993488671896,31.898210713287618,49.273490143050324,Millets
5.748690634884822,26.428154279307787,15.967360206837695,26.485870794171472,32.440589585040186,30.057422983554446,62.6840853201046,Millets
7.222017642616027,38.4687319004938,15.191347195611458,28.904593114954714,28.35998433840703,30.65557483226387,55.963224080755374,Millets
6.200473228654154,47.51295515515383,17.00962300124672,28.430236145620746,20.087191599131607,34.24651105405181,34.50016532952366,Millets
5.6897684602951495,29.990228991567328,20.60349429058621,19.286001446457572,31.702433218542495,29.429140980419636,31.367023561643496,Millets
6.139304124510601,44.312987407195116,25.345523022928028,29.49741707159761,33.96233848167047,28.109730213830332,33.98655688307103,Millets
6.044934368066192,44.95355900555478,29.707061966746068,24.87694029483123,20.194007098460844,26.40044812134229,42.88322301265063,Millets
6.657170697185899,22.25280937415942,29.150359480648223,22.301673465688015,38.25168435849646,32.80521802757022,60.21749090062325,Millets
6.713439159564464,38.803514511555335,24.570048528243724,27.57442774051164,31.074564627967227,34.86414018482889,59.29162269702785,Millets
7.053892776785043,46.17388445251022,18.23459644088774,16.676083181901216,29.657888731971973,30.140806956192733,63.16727119799671,Millets
6.387567158564671,37.12559076632938,22.906064077701874,15.764055675147821,32.30429793193828,33.280432857742525,36.300021923032155,Millets
6.688663467853192,37.808316333392426,17.46277446084538,17.46927147461472,39.601038859529694,28.937191696530377,39.09686914894117,Millets
5.84264908890875,40.02805140749705,24.141679459909184,27.87104245974835,21.760120550229047,33.93534583498437,45.57065587236193,Millets
6.126738812860716,33.87084341743218,20.850990986214423,32.27154006278292,38.585219503957845,28.034532164496063,64.5574322983982,Millets
7.063046259066134,47.92423017034285,18.686254682788316,26.539183002419584,25.490891694808894,33.240944904843744,30.21296762284257,Millets
6.629638325772792,30.17610293815754,19.840255606167304,27.89812647729834,37.02968898627988,31.091953913933263,64.1269191458689,Millets
6.02919422376206,35.585055642949435,21.75804808600614,15.232897990061925,31.136242862814804,31.615243241461748,53.6765761767628,Millets
6.972559797566843,37.140185853592314,16.001253822761353,17.32891048169423,31.92949155087905,27.749791919736403,33.18580516139063,Millets
6.3592054868970935,36.62967794250966,19.931189825244097,29.408674044515557,32.875412162024894,28.32818361091672,60.194901156342425,Millets
6.797390085066071,39.123361361537064,23.30141551180602,15.227793361771056,33.930143669537784,28.760417911091565,67.70438840634623,Millets
7.1359695421544105,37.63083408593937,18.78272972728904,19.07434786555333,26.80769675355098,29.765679435800187,41.84262040155788,Millets
6.529858990784966,24.961112765395576,29.6656921923825,17.158491099299876,38.63888279308744,34.13578011402695,51.01441927277992,Millets
6.9498205436721685,33.08144893917763,24.45051866313657,21.811518748422372,26.023180395708906,30.782297861695138,49.92518696735921,Millets
6.659072738299962,28.59981743861069,20.50436747725493,16.677959212578187,21.045527445444115,27.534571296730164,32.96987437322183,Millets
5.707549417269481,44.38785216181812,15.58310545525034,28.178855878694854,25.45115497630801,33.71545680708127,49.39969138309998,Millets
6.111152918655652,35.529168070683035,20.729370285679032,26.286021293396605,22.290657366526965,34.96990502812551,47.0222351078687,Millets
6.196461279414738,41.30629544948795,20.458491097429988,31.66548610057515,29.085414487208503,32.195584132654346,34.29812865767546,Millets
7.192238371110223,42.0715396033433,18.175751676929487,17.905720194915734,26.325846974512487,34.76070586031904,40.27326298268235,Millets
6.412254417893267,20.90060677152009,20.95841294349349,26.426400308662053,39.0624922501593,30.167360449400643,62.764293047107515,Millets
6.594255285137801,21.223550403065545,19.725124127846613,26.510990156622064,39.01187931862249,33.591303597512336,39.13422456715391,Millets
5.940219660038327,26.035189013417025,28.837483444537547,32.05332306203441,35.49766864505898,28.927351142242276,50.17522817195067,Millets
6.428663489590305,27.60194322678118,22.575420692231503,15.60993095705509,22.636207469949184,33.86589596168946,60.06719068125693,Millets
6.345736818118175,35.51451086851632,20.549983289399663,29.815597343213447,35.68374358464159,32.63285190203159,58.90446899337798,Millets
5.909008677385591,30.139099377214364,22.047681524755124,21.615859828553113,35.09880400316658,28.293535242499548,35.529283471413486,Millets
6.298080904096608,49.39743298347141,18.388221194003638,27.24317317886458,28.659460996794124,25.710245676493265,49.51506423992238,Millets
6.904328657296625,35.396599274834564,28.081590956198717,20.778740333151653,21.724983426079298,34.36565611658006,45.12785398112876,Millets
6.6528111029072665,43.76009378390588,19.864704958133707,29.323290763552222,22.70837699635656,27.912937472055052,35.788425445460796,Millets
7.122461116802715,26.679477056803563,25.761053331078152,33.86596794491305,30.55544418137754,30.400291922606876,48.441342723912484,Millets
6.151780286787286,34.26965092774751,24.042112984001392,34.719831443413185,38.75529118636449,33.62152958293122,65.56522142819433,Millets
6.435698366584086,39.72332981532394,28.426000844043212,22.85901529982706,39.235249566909374,29.157860620691828,54.043306615728625,Millets
6.919609426544744,48.51776039227815,18.669244110783993,29.922619564772845,30.416311722881645,27.68557140620641,61.064273591855624,Millets
6.604444560347693,39.82921461949027,19.843516028668517,24.6254790365521,32.34708501976134,29.04910814269844,37.93490159390805,Millets
7.423280984630608,35.344026201278524,26.008805554315508,23.220943871121165,27.102635280514328,29.07164298467125,46.367865751425995,Millets
6.588360231883907,36.3040960994409,22.457307238243075,17.695715698348764,29.92150957001062,26.691039004206516,35.04543145183061,Millets
7.3652914346823355,38.148500394431125,24.892350871868764,23.035873406667275,38.17961783829728,31.379304895796654,60.7667947809435,Millets
6.237124938055428,48.80035642457376,27.306919352374727,32.078969260290876,23.443885348515085,27.709632078712197,41.42506398734308,Millets
6.041818446493743,45.662244863128635,15.478271928128882,16.521999779615484,25.478297412598074,26.998729746494437,39.27438455531394,Millets
7.0958863785066,36.893797816761406,15.08655991939452,23.586455314083906,28.157698537007178,26.139452694445435,57.04567154405829,Millets
6.904194376758982,41.626796571562934,25.92706418337888,15.001056538645937,39.078416076934445,33.14208767054663,66.15926786357142,Millets
5.531286590614869,48.01576387357218,27.14682793032157,31.74438285917397,21.86574769443937,32.387780289185976,68.39666758568364,Millets
6.857094682836321,37.11684213873819,29.184445166234955,23.858742434688722,31.985871326209576,29.763382934943664,67.31384885441196,Millets
5.652169453531014,35.03359102476045,25.304286620781575,30.83813076844474,31.660372948882728,34.08917744121454,67.67965787535488,Millets
5.628638446387167,32.07111618624123,15.351885325817317,21.58833314748886,30.73736435941204,34.10794930509949,63.862172898616116,Millets
5.754999453343972,22.79091124222687,23.839010081350004,25.642359449175654,25.327552828600478,33.99453084553835,67.09465637846213,Millets
6.305222876680325,46.70907671340561,20.75923341394459,29.736336636594004,29.51884435095448,26.22583156507183,67.11736804948086,Millets
6.408193186755073,42.03461120967211,20.50760721646938,15.377617571524693,22.010607173836718,29.962194794899244,57.5985742850545,Millets
6.169470653158558,40.864653775329515,25.47953384147934,29.078718146556618,29.850437080410167,34.14886150121504,49.567860719224626,Millets
6.400530386993276,25.981424570318808,19.614826310345048,15.846689850366067,32.6707058723234,27.485357439270928,42.166210179418606,Millets
7.041629043328642,29.816635494843617,18.632938380197132,18.381154982674115,35.49716804363912,26.29706257990027,48.15015041001414,Millets
6.513860232154389,40.62169738057143,24.499252234994934,31.214413458903497,20.895028678524763,27.96440724779397,41.20536475101519,Millets
5.792033811184217,28.675347615693294,19.646479712143552,25.437689238549567,33.27408957852512,28.81100513611814,58.77880925253525,Millets
6.1723306771591595,28.70851031944281,23.117820837855366,15.474327206115813,21.595782472680007,29.17969543586527,67.71650845567027,Millets
6.943023559686847,22.643797085016732,27.694770191713104,29.64601541216362,32.21893051405306,33.20292960609177,46.164393909718285,Millets
5.943002101707705,35.36070167326278,23.232626333902108,25.766527440198242,31.301475829602104,34.48704918239181,66.08982492384925,Millets
7.251434073117879,44.04250432725881,29.15142160897928,16.969892833588066,25.30246522891479,29.950559456545847,63.86137972493621,Millets
6.510331423045465,42.44104218024766,17.084398578733744,20.048276259531203,34.635521900753446,26.64734008887724,44.05423738619707,Millets
6.029732515627143,30.495850826674356,25.624860736169556,22.356943622856022,31.105266452158805,25.999318770544097,62.200707729385115,Millets
6.23977725129625,39.45602477100027,25.88084402492749,19.193218442234006,37.693499699067,31.16224251606953,47.14900567005926,Millets
5.864670367156439,48.2690281370362,26.326023061974375,19.160491254664976,26.75421549448449,33.09674258088073,57.827106528613555,Millets
7.031568585431449,33.236033066387975,25.7471439396325,22.729874457278274,24.22525833876393,31.3267703484136,69.04055702395178,Millets
6.121201942790659,33.82908776637619,25.110020566047805,25.830125642449758,36.86855591418099,32.61742706469516,32.33188815449428,Millets
7.496842467847548,42.57207361158402,27.958549744411698,28.023954241906928,37.125702560935245,26.123829749287093,43.909513422372626,Millets
7.2528418872089855,26.049656338006766,16.17363147870034,30.76237879890438,36.70972311286592,26.626522181899006,64.17383931130863,Millets
6.873535591194339,35.60248049649752,27.453752891720775,23.384984986379315,23.879879124467944,27.848526766106136,50.206560731732594,Millets
6.562661585346351,44.16742479323701,26.87029085478502,26.6273311440915,35.61570966730953,26.91773458293671,32.002581083731776,Millets
7.2472676452694005,22.266634812883087,18.70032644615996,28.906378992487692,28.188958752546185,33.76313969915509,41.919191786490785,Millets
5.523742693338718,29.019669216822322,23.671125737772474,22.518767508065867,30.697455115175103,33.76598118835019,66.49940216921473,Millets
6.031948129308224,33.864214198097024,23.237160228621768,33.98224913776494,39.97234638328769,27.354072488415266,59.07919485383262,Millets
6.25606212446639,20.243245906586395,15.138787836538535,24.211320151245115,29.76669826008669,25.225696965734425,57.4770966709721,Millets
6.088006777189906,36.79679304607848,19.51378609748128,18.342686297386145,28.143474771977505,27.322733647905007,51.39203907676672,Millets
5.89765706057296,35.25217929933881,17.360677723033014,28.4194941897157,35.078753688828485,26.103942342499337,48.71209648149357,Millets
5.641743401309747,37.945473366260074,18.96606446894468,25.552489136774156,30.349220187685823,34.243543461938,51.96332890274891,Millets
6.665996959436631,32.04959377293141,29.236194047742252,30.54371818879219,25.70810580605683,33.44209585776232,47.295854407403596,Millets
7.157334287067188,44.68664204880506,17.833052801442815,29.022822627671538,25.812859386130622,27.974926699926684,41.85392307522323,Millets
6.951136495119896,26.89478125377608,15.013587528691353,29.30473706965266,23.423694876702505,26.044823953078346,39.50064482376241,Millets
6.259801044645408,34.27718982419602,15.668550610689461,34.411466652547205,34.321261068391166,28.231940653243363,42.74789029141589,Millets
6.397085098736919,38.78734468289099,17.195595998834516,18.778596275299048,37.18869165667102,27.562549238890725,45.2077999190071,Millets
7.242543701900234,39.89443488199468,20.125678190125324,28.673990914492414,20.393664307628274,32.35642660011365,49.48064162064958,Millets
7.126364294568923,48.63912956019405,28.886828242418524,33.18530086910681,30.243399118677743,28.60142114138938,48.601412989226915,Millets
6.8797920066267215,46.5199333061356,18.104794545001795,33.363863169234065,36.30360463939778,34.78856015178235,65.2100709312675,Millets
6.059874659383813,23.178677340321432,16.68361607987383,20.82446637156552,32.28367447969079,33.04320326097172,65.97001227926259,Millets
6.747506768738465,20.16893938244161,17.794751647778003,16.99452407706736,27.2664895113802,30.01350993633746,31.735887143142435,Millets
6.196955951591311,25.375390238759678,24.706052493883107,24.2854473864868,29.906352938678175,29.27691788033461,68.24078841946269,Millets
5.929470250243126,35.49992779531623,26.04026052548004,26.13688826269125,38.58041771433602,28.77968355641284,48.54703223092712,Millets
5.677044630429457,38.26997333155785,19.32317952672159,18.20618079031138,30.89062585809016,30.323102633799106,33.034865648961905,Millets
6.896430906988946,38.71316571952559,17.83525924119746,24.388697243080877,34.4064583295712,30.294357405412764,45.81956304734281,Millets
6.144676916161887,38.31181599932161,29.08663047465361,28.43489680954967,21.49491807272631,29.60684973482134,65.6329652604251,Millets
5.688924851602174,49.6662713641263,29.236040904681317,16.565489614597517,38.6682664089911,28.63132590259462,63.7883666830345,Millets
6.336766675426543,33.225653381075475,24.51364636466314,30.48954838551967,20.67578301896497,30.931559955271343,37.46931976389484,Millets
6.191899035726406,30.439059984656495,22.035905103317305,21.682728237523467,22.147222369013356,26.456287385254516,31.337519422443908,Millets
6.440498170657508,48.63343084558966,16.73512835472175,33.92528986006164,34.66723029464187,31.37498802934163,55.811110212942516,Millets
7.153455296792564,23.207595931394643,22.571314853483127,28.94182276521517,31.736408901471272,33.32779071023295,32.89086836045406,Millets
6.881402078998332,36.020831911541535,20.687412959699152,21.805499644680616,32.41665265548386,33.909953746442646,49.84703704404461,Millets
7.14944632815384,32.06469145531902,16.535916941897646,16.230114729172772,21.02668742647355,28.8015014195767,43.48951003343368,Millets
6.9358740472451395,42.28464504754598,15.762809532506097,19.4224652577803,25.485237003177993,30.476119841428094,35.78060895627801,Millets
5.767882438800001,48.31366667623874,27.063043609466714,18.613098041823406,28.131356158109817,28.556219992575656,61.64016296261629,Millets
6.520425832956244,23.83549210980401,26.084880947343656,22.93775956449838,25.25848495264294,28.7549862202072,49.91026254427585,Millets
6.186231032834019,27.257173177752733,20.977530432059705,15.383458214997965,35.44995692192628,26.70944893567586,31.75618454522549,Millets
6.807397385810159,43.21808386471017,27.207436973892648,24.870183653212,24.107363693799705,32.37227677249827,57.98852308617349,Millets
5.992541468206347,47.10223267588379,16.565571871242433,34.65376479182652,37.20495621954929,31.878986454790752,67.54999553119332,Millets
6.944622336647416,25.71370991090138,21.632342071692175,16.43006048663271,27.793148445762306,32.41603019737209,45.4577340372327,Millets
6.160588350936268,37.860671675309355,28.083067934983426,15.951663850922248,27.70940869399471,26.582407418152627,57.814170029274784,Millets
5.7114491208622695,39.944232757407335,19.29271306196861,18.978336274744493,38.72705115649971,25.18524576745956,47.51109087558276,Millets
5.543253984923588,34.50779144312987,22.515710666916274,21.433249427894943,22.643235550500474,28.763875377344753,56.89051759730264,Millets
7.064791617288918,35.92251807164427,23.847515916596336,19.012327422493055,25.74660666455299,26.618956100523583,39.97181400018445,Millets
5.949773560451064,35.58346359173713,23.440331336860943,33.89894841643009,23.91141294203046,31.41675710161496,62.690370759500915,Millets
6.620482927566105,27.65010957503227,18.938253450300003,15.785061061419999,26.108884530969632,32.4460367900338,31.900710288284415,Millets
5.938590565009662,41.18697495595346,26.73977344234315,24.106368201238567,33.96148676957298,28.87952168654892,36.3965298009651,Millets
6.296298987045813,37.39903460609429,29.220799227793353,16.375019041773548,30.147881876899213,28.289197782107244,50.33246777106778,Millets
5.547950894753063,29.39076064104744,27.298022212905074,26.07883467709275,29.01164985632235,27.855250717153396,41.921700911654234,Millets
6.266202867181169,45.06712129893681,29.508198102124027,23.77310762700749,27.867056774955238,33.465507758198626,47.076212825452146,Millets
6.604036344591302,26.928249937962335,26.152538036686128,25.63976636541564,36.18069100480683,32.8073273002867,38.600190730801145,Millets
6.931271101115525,44.00163223854114,20.191608611735926,18.45218225804549,20.052643111591763,29.509036530931482,44.09730926155366,Millets
6.609819667650818,25.641232777663575,27.894983214997126,20.155104312562194,24.528592101753,29.807140564843557,49.95404094977097,Millets
5.930170457570186,28.15582180177747,17.545578587328674,29.369203566463334,35.40178062508164,29.623284974592828,58.5634809074007,Millets
6.971870783874891,24.148265830334257,29.49267037251805,31.42063894192862,24.08966922391647,26.861650357460704,35.02644582318331,Millets
5.7767571250838365,42.44485397086088,22.044813854274352,30.658683454797345,34.92509788700411,31.046127135052217,57.45466426314718,Millets
5.536711448758283,29.353329404150657,24.567332688891153,15.186899069724884,20.65953887365187,33.51887982470383,57.36099446768287,Millets
6.0307394662406875,40.63888520356127,26.886850037088948,21.135885662202025,20.72074754998375,34.32779124687735,43.80719353182522,Millets
5.712963526569412,34.75570614179442,26.527016934962006,19.432946292351183,25.38980100266727,27.427149867985833,69.66692211326713,Millets
5.894807467461085,37.26560650898372,28.878969624854463,17.937931377555586,39.41708395735401,34.474772343956246,65.38287948233051,Millets
5.9291130426600045,39.0216516803295,26.4133720944186,34.72055856392859,23.60847644162741,32.66025899519296,43.552046797084515,Millets
5.851252931136004,32.64130823641565,26.907538682229244,24.296996074081044,30.75046200406097,34.95159410200121,45.96437198229704,Millets
6.730801509418479,30.957326048461155,20.891784694930575,28.912815068908163,38.75773952189767,30.423589504923214,60.73599715795119,Millets
5.678413117633927,26.33474112295781,22.531974613792986,15.400234472575496,25.057099575251176,30.17401289824966,30.59844793025203,Millets
6.029092572452083,35.42092458427609,23.597238719718685,33.515033861106104,32.906912465012155,29.147358025299937,67.2140470853227,Millets
7.069765966775589,26.00026763338243,16.962635420232296,28.51623271485466,31.197663311539678,32.896736137927554,59.55220200314746,Millets
6.75042306771503,49.59146514886677,23.00384595165613,17.262115130034395,36.56547129631977,27.51853362345709,61.092085925756734,Millets
7.414214192000102,40.90386541893024,23.940452414247016,24.20772351350081,27.288197319908065,28.53004750971836,55.45490822838362,Millets
7.002546233875492,40.355512084532435,17.97615151790344,24.879743602869823,35.83280144366126,29.757040781890563,51.46493118941976,Millets
7.0422720963416445,39.83795918795275,21.14017381323589,32.90825422388438,23.25134137326957,34.955164485903246,34.75410313904949,Millets
5.529899942208478,46.70056703446294,18.67430262548934,29.593992548934416,36.22030749864139,33.58986391032117,69.66376942656666,Millets
6.088079420079998,41.30730025781777,16.730997874212424,23.136185827136988,36.95943386625181,28.676580460591083,53.64381522142456,Millets
6.507546887449268,39.37854593336135,29.593415840815425,16.11471053002804,31.479230350032594,33.63028779250285,49.2553084699371,Millets
5.657054371883145,36.81618057250313,19.981108362357308,18.098835706758717,36.98069026566946,30.215995129911217,67.33105649516267,Millets
7.112033009206138,40.78915381321002,15.075382550479679,23.556469132765,23.949725633040646,34.10797911048868,36.98335938705441,Millets
6.072120103318571,35.505103032034974,18.950454284971187,19.197293545582426,31.98198650205505,25.88929522755024,32.32671034883699,Millets
6.244490590372143,41.61993363523587,23.32210137410922,23.457529369335575,31.315031284491646,28.654514846532734,67.44585341728452,Millets
5.609809781821548,40.20174437089506,28.36923997241626,31.07769417470507,23.680820696428935,27.959263489802883,58.68191754828419,Millets
5.6685411183615315,44.35585099497752,25.783604169071857,29.59213298470685,22.00482740535183,32.17760544816231,57.1927250087988,Millets
7.161844981643701,21.247878687694087,15.346660027016883,22.460141997571213,22.97576567698306,30.583844775702218,66.69395606026995,Millets
6.282959460668032,45.348511318178126,15.003613117767998,18.370292869183686,20.60847079308171,28.281471805150687,66.32758382786011,Millets
5.693904247197976,38.19229330231401,21.772439086791664,33.76936424731625,22.450382850741878,27.12027850502229,31.18167874445973,Millets
6.3678704992627475,28.33498698693963,28.048589008354814,27.0988162639551,32.281814759514035,30.319106968813024,33.67401348916804,Millets
6.39003736745071,49.9851556912555,27.52843936269022,32.86918108334232,36.46452718492999,26.030416934309827,39.097930162591986,Millets
5.50624330271282,29.105303746343345,16.62911103519739,24.45586690603166,33.542549771478036,33.74505295038077,59.96868660363593,Millets
7.377171191557011,21.616948711813663,15.182697531248122,28.22676227672425,25.787048204444925,27.53501016105773,43.235483507751766,Millets
6.039592115784728,35.34309218904762,21.60222670836199,25.248571027533124,33.454272230008726,28.871305089711484,40.05230748568627,Millets
5.832401073617491,30.484223585978768,26.127097128692583,30.134098202229392,33.338107733684204,27.340281753068744,53.52344983418791,Millets
6.641379323153696,34.52798594329177,23.249684795757965,24.83581265247336,31.309127321482165,32.15505954621129,34.38512777613759,Millets
6.999251504298048,24.076584503827824,15.99941997615562,34.52159372442935,39.13983537740883,25.60436544940564,47.73013765899849,Millets
5.872489876599549,34.56034691403254,27.45265864499381,34.012235494857805,32.685053069030744,28.53905667211817,54.13302262578394,Millets
6.1240026122169,47.29470922496181,28.056006946587555,26.16463500559322,26.49597830760721,27.933896755829785,31.33671978820238,Millets
7.13164170205059,33.51149639117024,19.876993926003966,24.422207099955077,36.374759809093035,26.246142077075213,64.30623952967309,Millets
7.295017670216708,48.40123745101664,20.962319886339415,19.342808080753436,27.47281636933397,28.329120962314033,37.0461565001144,Millets
6.714533340202976,34.298724815258865,27.985514884860056,15.642191609641165,32.877358551102525,32.62948878511561,60.37946276753228,Millets
7.27214793419105,41.87101228488483,28.917150924715443,21.65313199641783,30.064188335030863,25.140796632828906,30.27830349213165,Millets
5.98025324090304,23.024215914172558,18.903170519036305,18.540865890567947,20.570400496772965,34.09304146406049,30.32892525555566,Millets
6.972164288674171,24.564436607585495,28.683444329994,32.85591879179772,33.07802292738515,31.722341498006053,30.213565678787543,Millets
7.4697431322272045,46.33497810727443,28.426593385951378,28.18489074101744,26.895738573090732,33.93648649090481,41.660677126047695,Millets
6.625423086684406,22.99192917031647,28.82933445199125,17.815409155424266,24.497936114608144,30.58134158128215,60.56372000851926,Millets
6.738702611872598,26.964017384004684,15.014145637912355,30.143011606148782,39.704146518221876,33.09913120306091,48.40826472626461,Millets
7.307534522798213,32.2954301935505,22.874011263652015,24.542595347913664,28.9524774533105,32.75190769293906,51.070756290779684,Millets
6.133434244050433,27.74474502975435,15.566209754511501,26.663903237660918,24.599228308020685,26.481339220163832,56.1531985531071,Millets
6.862418515643098,42.56464676772998,22.553653445078872,32.88109210407773,38.72685506796456,33.073709397924894,55.42373928032749,Millets
6.107441907182377,49.488347648606634,19.112042507879075,19.05313843980862,28.843082275731653,25.568405707123883,69.13977858687163,Millets
6.676867112832849,36.70856274992526,24.8369441984958,24.94047295554413,20.64127034189083,31.123112888403966,58.64695507825722,Millets
6.333498121248106,42.71886716213579,18.40501949007631,19.42553182132368,23.228339753751477,28.71994759789162,63.88048141556334,Millets
7.155824124298128,31.484726238905115,23.83678103970355,29.41632632949831,24.82413549256046,26.68141085894747,68.88383972849243,Millets
6.735114626419237,49.44247165500992,20.066339806983436,29.06063399948263,24.452072730824753,27.61200171273913,50.47608485078496,Millets
6.1392362510161425,25.028646915217536,18.943210529839888,15.714967889317293,34.08847242954973,29.921166570858617,33.769722656181024,Millets
5.843387986256983,23.07603614337932,24.18889212413815,16.884207272249874,35.08564666070432,25.20510919320391,39.97503151983568,Millets
7.281333351783815,41.55593954366738,16.094524993885315,31.422522089703595,29.860702430804096,33.46783027168829,54.02959097801573,Millets
6.863666064065717,49.80504681187124,18.48503318886027,27.478911495227766,29.206427801147967,25.394519529226915,30.578825660114603,Millets
5.738457155635717,39.472752216156444,23.507446318700882,26.06859122327455,20.6371352505652,29.69302996360007,66.98491271370114,Millets
6.295183738621294,38.747674093653686,26.697280134347153,30.67850558283775,30.385601647905425,33.57951945402336,45.655123734549875,Millets
7.277386429569597,27.20681499186636,19.203246104858565,16.062412483980022,35.91163673084566,29.170552362327058,39.16466455645596,Millets
5.963580555233159,47.04199823687699,27.50874900691555,26.07061770714367,32.32221600831442,29.74325570550291,45.66666171515236,Millets
7.330953762436663,23.768381105609063,21.276701845743418,21.891238159757506,29.963014405022967,29.57631874545175,50.75558126604326,Millets
5.779837954453988,35.394245045398314,18.636282208308163,18.686626979763826,21.296684375723824,32.62652558756141,47.0976768342624,Millets
6.753287366623517,41.8278002991423,25.1897499797033,24.410014381793644,27.7579705790346,28.75959909640664,55.601951877202254,Millets
6.489588709883747,45.47396743965532,28.12052976490068,18.411207560130368,22.724673030914513,31.304009260359997,42.04902992249117,Millets
5.537141437530198,46.65928008088865,18.403511508657125,33.585613033716186,34.34868901756507,32.626534899114844,38.05845983172642,Millets
5.968388851233626,35.63803261472197,17.58149778974793,21.108633853660645,26.429249558956087,26.59629933252764,38.20731333580643,Millets
7.077103684016513,25.015875636418052,15.426860877658838,27.58709885257877,39.519662387848996,28.312138146231213,34.74622812785009,Millets
6.640774650735062,47.190626332869385,26.76092669742718,27.450317368254318,26.301129932151987,30.418801732762198,33.64979365217022,Millets
6.85789084856134,41.75288056692953,29.475474343648784,20.207947174901435,20.369128380860452,30.456084644271506,58.27162017587258,Millets
7.080814951765976,25.812167990744317,18.926293035555354,25.251818505345927,26.61201619940004,33.60511486587445,48.95040614954881,Millets
7.099157288204006,37.418592814470614,26.59635212425668,21.653459730606478,36.62833243860622,27.745723155510216,51.843952320131635,Millets
5.928014226347749,34.2657956487858,19.77262814263055,20.334068612744286,39.33970036056075,26.600741054867306,61.49303349829581,Millets
7.46832991896643,20.597044512202334,25.485411210631426,20.058236111125744,20.809756486566087,29.028895789566306,67.40871240683501,Millets
5.523530188733996,37.63657075789345,22.520947178929866,32.467683287420954,21.680034290412515,31.815260298866505,57.20438793733109,Millets
6.8381600337245665,48.27003484805111,27.346312935103207,15.83945452487012,29.421657014090265,28.979530562013334,42.405888843632084,Millets
6.402673450308194,31.525825547779323,21.48500849817998,34.58523731217285,21.772659494991615,34.222308698387295,49.209468538841065,Millets
6.747484490999082,44.905488998530814,20.406945437238832,23.608438161759338,28.19036960557428,28.747310225357598,67.0211728658758,Millets
7.157859782386025,23.269999695889283,16.62185028715644,23.557390297059825,21.97314753465618,31.1909309527112,35.74766429046936,Millets
6.544746527933603,20.216598410111533,19.7489452261897,28.54381447345311,29.68077880455697,34.78269485998988,64.96415184264843,Millets
6.218141558086303,21.364596244168236,27.684394501725283,33.22468620629343,36.412547868380734,26.279499409197648,69.9166053764915,Millets
6.017168443105548,41.72614738425111,28.620523145035826,19.71374228661419,38.16517109354132,28.09481579194867,69.05652889536225,Millets
6.062520040760949,48.60307474273505,15.803169763390123,29.18544023339626,30.642222676740076,29.778770771227308,38.9397725702336,Millets
6.911191579552984,25.724284743389212,23.292626939771523,20.064907260805015,39.112427595627125,25.28631193835653,37.989131204449464,Millets
5.984621212774895,32.4220347730345,18.490953628050804,24.826981805375706,37.44931046517078,32.12063421409171,53.19847922140444,Millets
5.678006355965359,40.81976325167827,17.496214264664097,30.72734771923396,25.001135170203064,29.17048728320901,44.018808092717116,Millets
7.217627829349714,23.796333761402245,23.48467323577183,17.841232188861245,34.095916722643736,34.05078127794481,47.38430615469014,Millets
6.4761845205299515,47.822685094482864,22.814870829740357,24.75196876099122,31.566582054086084,31.89229736362952,34.27533500348125,Millets
7.1422210554830325,33.065150823597776,16.085227648462283,30.723653383964262,27.538999433725444,26.00367495095054,55.351161581730025,Millets
7.260262706867284,46.63260528241959,29.364952122134596,32.35410919533376,20.042818386909506,28.802411664133903,62.74170319622012,Millets
6.232506011996948,38.04645519139119,24.094754210617978,22.30050608077646,38.08947854562575,30.032283453861176,48.591368237500035,Millets
7.495027491323792,34.8050109221785,17.675973778928714,25.26138845726876,36.280334710398606,32.768603268982815,61.543270604338844,Millets
6.9160475679958235,27.626534872000647,27.93126128760347,32.8688693075253,23.88305393237098,26.30455636551394,69.02419874356448,Millets
7.236647927300735,46.797084416298404,28.295645769365926,25.833736480674567,32.928034733316,30.453628521336416,32.048253967613164,Millets
6.991006170705545,35.15996100007641,24.715636121853446,25.052796099510708,29.836226446449118,26.71789109477767,41.148548605645956,Millets
5.817705383887912,25.869988868760274,29.594660706304573,18.06226891544397,25.385408486104154,30.90589657738585,54.407143049465674,Millets
5.807948259487658,43.81152277355637,26.778043018692376,19.746354084077822,25.77332605350921,34.37987865459497,63.02685783917912,Millets
6.895594066125048,22.466996645318016,21.273961213538634,26.18603744153654,23.748225759675538,29.482265821082244,54.0410350995476,Millets
6.154753360230798,43.42834456851462,27.60674372458208,21.472189388681414,36.77314308984914,26.03576566103015,63.509163944906255,Millets
5.805500863335233,22.487814575291782,24.626631066615168,24.438747315105886,38.157812008256656,28.63189196090849,41.48609053750515,Millets
6.501469812288397,33.67838557305984,20.166420693257823,28.874825973966573,35.191236678278166,33.529839690301365,68.91426418841371,Millets
6.033312384265009,41.482804474698845,20.913873532436178,28.541639439022163,29.51963380698441,34.93773102767932,59.15608543163,Millets
7.4049826008686495,45.04908648443558,28.543515167450565,31.2883839442935,29.183182607518226,27.517884533468845,44.81280701802089,Millets
5.540472465279901,35.719795023940016,22.57586700405613,25.505009296609764,39.48062449944128,34.11454003454839,36.468511133204316,Millets
6.237765043111779,32.718685383897856,20.407993767774716,30.96991927207826,30.48075339735174,30.72099816971625,64.12054235951702,Millets
7.111856306830717,23.96634568460899,25.708718761254516,23.70872257804071,25.89297806125001,25.500188209021864,49.48998241381804,Millets
6.210873361449063,27.545391190292023,25.420075943954362,30.389707746311743,24.895790380588494,25.494474366793472,63.9501080226094,Millets
5.519919482408607,48.11337481764416,24.41429810974059,21.436932704026404,24.929558191534724,25.090056642644754,39.418856680435084,Millets
5.775456603034282,38.36498662169437,17.49818382890702,25.572596750732387,31.802328446889415,27.980416983469144,31.40259796074875,Millets
6.055880820921294,30.790419965817527,34.78249334273092,26.360194096285962,40.926003719353275,27.453862590742794,58.11992403319856,Jowar
6.769323903764361,51.39094369125311,25.470057316594144,22.43174699067054,36.121146703829226,26.615820985941916,57.699652546721495,Jowar
6.9704200625059585,44.82377223423812,32.40557634201686,30.884000042272557,39.79592743872198,29.64749294169296,61.36759567234477,Jowar
7.01835453128956,56.20678806817838,28.64542575576337,28.255261454975873,40.2849124170476,28.66043069633595,42.840271208903545,Jowar
7.338168023536622,30.923493067129204,34.96792712419486,35.175882854086254,44.062221705638606,24.433075267218566,63.87427443137964,Jowar
6.641760855940579,39.91898864578626,21.80637120598146,31.253082393426183,34.58081451349227,24.836435665208192,64.49958028388333,Jowar
7.106929680379408,53.018349031609446,38.107463765248546,28.189414837775544,44.06145537244274,30.92343524066149,51.86006284095756,Jowar
6.2389245560241875,43.0616818838404,28.037974159119333,31.514386106624087,36.66772464655496,29.9998958750398,60.395597928224404,Jowar
6.157233961411149,55.748740066593186,26.195291663703742,39.42594920613184,27.357202173595404,31.666009377860025,43.64047227530068,Jowar
6.346554206920589,31.397398262596248,34.1022629327799,37.005974731435835,33.68142163631961,31.428176600339437,63.611962870223984,Jowar
6.9450107031697845,55.3625760510231,25.93600410103678,27.085314426552515,43.119038383892885,31.20770796831011,79.05931104803483,Jowar
7.352757474662507,33.821161081000824,36.47448572273974,28.196769562191882,44.816027118918754,27.77824771463041,62.153443300088824,Jowar
6.794662372885198,39.652110895748336,21.500441777858363,37.91302460803837,41.05351625052573,25.116214244477355,71.07073085400292,Jowar
6.938769999075915,42.27431363752867,25.080422981911255,37.19457567004465,39.003765185881065,28.381919275753095,64.38274135593856,Jowar
6.136599273123272,44.21759282733576,23.87400585571404,24.16767358017651,38.22607924573734,31.290049214674305,56.15026441913386,Jowar
6.311623909518286,49.46240811709963,37.42374092700636,34.966376022449815,42.375144610731745,28.292437368086397,70.07504977476763,Jowar
6.210096839038405,40.448238460895745,27.790983289630447,30.22591492492069,43.581527205136474,30.994372481777393,45.38101969156738,Jowar
6.259184477823695,40.729216487667344,25.814877317813476,32.295419063125244,43.0555209552909,31.698332333380694,66.14411810140906,Jowar
7.2572388021016305,45.756066006923916,24.166538937200794,30.493768241869546,36.10165202875302,29.939660513708453,48.795319588293964,Jowar
6.552465573130098,40.920824076436986,39.1887919148233,28.878899206534378,40.10187934596293,30.006491050995514,50.621767392129655,Jowar
6.857804534057598,56.82908679955944,29.50395438913899,38.90235014685092,29.28916458648323,24.593272846192246,75.65815492578997,Jowar
7.2715217969433255,59.77769627801534,33.58786976224852,38.73375853334299,41.53898050168222,30.755410664960696,62.76566281817073,Jowar
6.573546896875066,58.03674217629845,28.64234351231789,30.77638734499338,33.92228614250375,28.518546511681578,58.82020315969309,Jowar
6.071951337869214,56.46144558023096,28.887876378315397,31.778872970146974,27.783756055159742,24.027102783861114,49.811603745745714,Jowar
7.056879048200026,32.975835903386354,38.17774880772936,24.300451387123694,29.091872285835514,25.452063692971965,40.55926851885459,Jowar
7.157708202717352,56.251035937357756,32.283254052323976,23.763999633597244,30.705559938817593,27.807413578919707,78.17383806493203,Jowar
6.371027057726614,51.94937711759664,28.788964465858406,25.956946967200437,34.11831874044228,24.569653740329862,71.94749483721449,Jowar
6.3649528919744505,51.76236369578911,21.366967428963896,39.10197112331372,28.86029970811397,31.061936609656644,72.37892838461738,Jowar
7.451789886122124,44.33671982837249,34.54794587691903,27.41421314075568,28.687364760393876,27.544607463467592,46.629960615538195,Jowar
7.473066934179576,32.88739473422149,31.784234469052407,32.52927710508112,35.76159085748108,29.29748708569467,44.647231000475635,Jowar
6.832527786307937,38.61637713382085,38.803521266021136,35.241433068794514,44.45028964319485,24.300448557921516,51.40532700722835,Jowar
6.293133879957524,30.334637619354915,24.846514604926426,33.57551967040858,29.621778442691372,28.072027563860946,75.51272459859995,Jowar
7.040636880523612,41.83887209718096,27.449378778242167,29.114716280169695,28.540828821198126,29.072006139327904,54.56611276418422,Jowar
7.278548023893066,52.69657980173449,32.2102632818432,27.284044452990322,29.19863663346969,30.209214912844985,59.45636395964346,Jowar
6.337125057266036,35.85523845120019,23.30801809002718,35.5432239241119,29.579743706006234,28.21313810820158,58.06185443892225,Jowar
6.869416348842426,56.31464701113583,37.35494780163461,29.021521436497192,25.307325014694467,27.411550445714425,64.24774149696562,Jowar
6.836647138647093,49.54008317400617,23.08151464946167,32.93070197561465,28.653032374875444,30.00419184557399,53.5635045305072,Jowar
7.06484315007218,31.435967967183213,28.157200511818267,34.10069044526665,29.53741032662988,30.36229635837778,65.23118932419727,Jowar
6.881342658224698,40.60646562613012,29.64902940762235,31.946986019557063,34.44924227829781,29.586506591524483,57.347877324278386,Jowar
6.303409772613046,36.41801348403142,20.116075376858824,26.01915431117345,39.978352809570396,30.353301670700876,48.09870168383,Jowar
7.438565995307112,45.0720838044038,38.33957498037005,34.13530563723262,39.44866846044826,24.68034897044857,48.79964507587722,Jowar
6.013222249941709,51.483829214302126,26.8887657685702,35.73305032152693,31.778724398740525,30.554670018390887,45.22793014993252,Jowar
6.260059735136262,40.226296187518095,28.169747777645465,26.974056216859566,40.2729406504644,24.77561114101372,54.048680785539524,Jowar
7.25585999927319,32.00391231786516,38.84687015342715,39.72633684544026,26.7713634765016,26.330180178045897,54.896026641414245,Jowar
7.164587052979089,47.877804363502015,32.88731400985135,35.15019645637012,27.359579988740514,30.6656756552821,68.22479216720576,Jowar
6.866012587794556,56.6920600434917,34.00612707767614,24.033999252620507,33.594907621513336,27.952342935485866,42.20870507001622,Jowar
7.431956270040084,33.85731782390636,33.94922534453454,30.124620721817603,25.51264499768845,31.397979806914893,74.07347235275734,Jowar
6.786386891855753,36.86827008418336,22.432457813601886,27.267849588642534,30.10856562092181,28.05352960805039,78.65637184493715,Jowar
6.862430239844462,56.697931676702936,33.01757674991555,29.50493053174401,42.09215125466743,27.77094488138398,74.74512682041444,Jowar
6.437365154363648,33.86439221288964,37.10628928725877,31.748303275853335,42.78184796497921,31.502617655939066,42.14513561485796,Jowar
6.751453952788302,41.248936472235876,32.51716794140234,35.87182394404647,30.61180431948738,28.454387074985373,68.34914319619598,Jowar
6.201646624253601,54.42200717853801,32.12219199705946,38.990748742273034,31.790578382613866,24.86516753869759,60.26004804147701,Jowar
6.128716157564158,59.08579569972021,20.77369916514383,35.07007802214616,35.502047962844884,26.94896521998631,42.633686580346186,Jowar
6.933250386260411,47.55660988172866,25.617665461351997,38.204434028206244,31.08220014685674,27.597803284736848,61.750498236746225,Jowar
6.1503478172644295,57.964851576408975,27.490723049020822,21.61558427748687,32.7458234735066,28.801620376740644,60.54610687285319,Jowar
7.041812961055911,31.66451826203732,25.690812205441123,36.38461153680204,26.597873755827216,30.84388763756766,43.67584368308425,Jowar
7.251681322337545,40.8236520323618,32.24418126514432,23.057742312959963,26.323374434503616,25.72750563216108,45.114152716347824,Jowar
6.468608846519448,45.43149739533061,31.775189271300192,35.79736214759485,38.12479786496717,28.870066601036424,56.47128109943098,Jowar
6.710712652440208,42.43562488170544,36.84332060122766,24.600009050967998,25.114418630839292,29.210559177809913,48.09848734555325,Jowar
7.335172704464714,55.77138989119968,21.53454743856412,22.127768108281547,34.90343184493332,28.87378130215484,50.99633349928963,Jowar
7.0751965750490555,47.84748062756614,26.496482194971094,20.50742976084631,40.00300562597035,25.71802932660066,73.37894973850513,Jowar
6.630435390081383,47.31232327895296,37.45897460818004,37.272460018399066,32.430391504871466,25.671111141718747,71.00584310914378,Jowar
6.649620305403197,35.76125980677012,38.08850684634301,23.962083884821748,25.51614336382462,24.16223979013936,64.89261425817057,Jowar
6.992512591076295,39.331251151709516,26.400219784941267,26.789878301198854,38.60317093517757,24.46507032821463,77.16465410765304,Jowar
6.33378156626617,59.990196157262766,23.43045387574374,35.43092914624755,29.4682508985925,24.646774413146034,74.99733297402595,Jowar
7.288126888786338,42.10711177348804,34.04792285080853,31.141318653678344,42.059122273474976,26.520447754549235,60.94689599995941,Jowar
6.728058556806825,40.617174787705764,37.829101291127444,23.317558493250708,27.990172790413922,28.61527628258201,66.29976919939767,Jowar
6.2919288814868475,41.72152326763872,38.93127685957488,24.932348453813482,38.36721404234788,29.921195149580726,57.92514797860638,Jowar
7.406288980139374,52.099702056563714,29.158491597217957,31.38670403552188,38.852268868502016,28.737521443433746,75.14790335304303,Jowar
6.535332993420601,38.99657220167415,24.276777789905285,20.755659361291904,25.860279287601106,30.960441544874264,67.13572585623629,Jowar
6.990798623154729,48.43928456804658,36.9843828938821,29.60533851331255,42.40821657116601,26.875560209457912,77.06830017356361,Jowar
7.04798547012186,37.71531408073282,31.281698433772505,30.66061122976511,27.75797643460668,28.729943246004915,52.591424948678316,Jowar
6.078523150214403,58.459684731196944,32.829807381285754,37.53837863741694,38.521120100265065,26.855869537120903,60.507522893152455,Jowar
7.013620140520766,58.80756975604312,25.073389182433928,37.49954117248235,43.48155610588539,29.363324117271652,77.25066509605351,Jowar
6.596817881216053,58.59048528121328,34.0556575433195,20.840115348376237,43.13745663638106,27.87578247226554,58.413079391113314,Jowar
6.849699908969452,34.481536403136836,29.38332097134797,36.62254433435491,25.309649182750306,26.18333728259497,40.09818345775377,Jowar
6.623566963724772,51.849465314812036,35.97543658229257,38.90379522254013,37.17009225941573,26.037014933223162,76.96591796546795,Jowar
7.162973630820565,47.23285449009434,33.91280431437872,38.486327100148586,39.24788056945843,26.946996060677872,68.52112809156387,Jowar
6.060417244103082,41.59246685491743,28.126460636911585,23.336764688416693,25.461709611035403,25.06704989310194,66.1848598318822,Jowar
7.203433224545531,59.64610478180923,26.927270062169885,31.987584445222033,43.74289933630244,25.33633425070522,68.70582345370971,Jowar
7.132468099723745,32.66926607608015,37.2249877036613,36.262100942216875,25.66806013154869,24.728675319040413,41.96507575567409,Jowar
6.502115297699043,45.27866972039779,30.646954559092578,25.35333519538885,43.231937731205484,26.946102318975306,41.8220062386141,Jowar
6.45034066731208,45.933282676324666,28.16443645176464,25.476850381985184,27.626464995286348,30.55331600076984,79.84580968496768,Jowar
6.4943132002858235,41.448631325298116,32.36075049353914,34.36882949471082,32.84059069607183,31.239436135854522,62.400159569156735,Jowar
6.6755851146088965,49.40018259479716,39.05607696498346,35.89104588843411,25.800262610702486,26.658479285919675,58.82178739804891,Jowar
6.471776358313658,51.00562682491369,36.525382997251626,34.62690190370543,44.78666573656551,26.180381183144235,74.99957980097686,Jowar
7.149933997761729,40.86536272674438,34.68249087313937,22.08151912836494,40.78666964681105,28.258644820696823,51.691606908370126,Jowar
6.9836659526762705,49.24859996143227,24.189724454391992,20.60794829623052,33.67245173803347,28.55609495475537,75.06421113482394,Jowar
7.392325193471391,45.86415654470299,35.076069675370896,28.786065446559938,39.921643131457856,25.638412199513336,54.84258939214126,Jowar
6.951341998220422,30.544738968212364,34.44922620677908,36.71071002536334,32.98283322187903,27.583539337417314,74.05128848866124,Jowar
7.16348195298905,38.64448467100125,26.47952213123078,33.57756464781193,36.26396184896322,25.297836568771977,52.39719636916666,Jowar
7.349974915317981,50.6452331016679,39.719486353710394,35.34025059961539,43.8394886428718,25.729508590963803,70.85939499267703,Jowar
6.030326280221696,50.12280065134602,29.385645562404825,26.93520143840137,42.24808704586178,30.834141541260244,40.89206819594574,Jowar
6.914257683674147,41.03496672962869,28.313220030008985,36.64081478437552,31.196795430553564,31.544390485100962,47.18535305488563,Jowar
6.994083635052267,50.163152010412944,25.043903228558364,26.495012179344037,41.695969851598804,30.09444203963962,53.163835212590385,Jowar
6.800934820402401,31.850408887592863,24.174917647972585,29.71641117720798,26.719474705584233,30.7466588391355,68.72024840430592,Jowar
7.415450505972743,50.80400717892081,38.80802744524371,31.0902511138193,37.004372221239386,31.815768437010085,65.68516587457042,Jowar
6.04617985329112,51.714083298915696,38.10937384274831,35.911604995886535,36.67666545250845,29.37042810474813,79.60767157006687,Jowar
6.135993132764008,50.017344858997184,25.667953891411877,32.8018079317234,37.15247151767878,25.227654656865298,48.269865829609564,Jowar
6.932444367064821,33.846898419113224,25.303617502606457,36.70491095476005,31.54183012003277,27.904481250157303,77.64561340583361,Jowar
6.340723633255419,41.68878052074031,32.129155510870916,35.10677859007944,43.033067734254104,31.323783900588122,71.06560297490492,Jowar
6.342496254889966,30.744279901276975,27.675478607112474,22.830977019756467,39.20775294876596,29.289044694605735,41.75886566485819,Jowar
7.254890668696427,37.46229798873547,28.644541509820844,33.35867470911485,33.58837573704507,27.530302422399547,42.62511981342961,Jowar
6.602165323890006,52.94543679659951,38.30352674373195,28.269942741267435,33.47171653758158,29.621016850589218,77.71088004421107,Jowar
6.4005914103590404,43.204326196138105,35.919464871046024,32.19387138748077,27.211726879279095,29.021861884498126,47.46985138389307,Jowar
6.765323901117606,45.87309802981315,37.5240672444997,29.249885480248764,30.588848444717883,25.847730785728253,74.97007506737344,Jowar
6.256516281627342,42.77605682649431,23.74346229853894,35.46608080228751,34.48745279949238,26.809149524454497,54.44398562505867,Jowar
7.278321310084469,46.61321862883314,34.35735702262527,37.94077032501369,43.03483352081284,26.628072434702904,78.09805052585541,Jowar
6.0373138230219086,41.30506683048497,37.91597715017683,25.49273759633966,30.461629006426367,26.42097828065511,64.49253539387689,Jowar
6.657499163421531,51.802045090600274,37.898212851293316,33.48398749885721,29.08933440395151,31.46145521888402,50.57971493389914,Jowar
6.224841442992237,32.69901836582883,31.26767481332331,22.275249249613037,27.775517682252616,26.400243844763974,51.26612038737855,Jowar
6.906359265498214,54.50235838418045,35.22699312405785,25.249689094329533,29.906209959719597,31.72633224085574,40.3294496636784,Jowar
7.319580799590324,35.99185557367215,38.94568646179536,26.846145696550394,33.80703547786504,29.656964911555047,63.50676205893041,Jowar
6.476908994560234,46.61492747603471,34.614137687257724,20.846698918049842,25.223986105114083,27.66453551258313,45.273464712140566,Jowar
6.996516437197071,36.421573686823024,28.65702213591342,23.95341873748538,35.96967171498249,24.928427675076552,40.92427411149921,Jowar
6.076697457160046,58.627753245459296,22.845724372218715,34.16956506273671,26.358524084456526,24.865282817881457,60.355050056373386,Jowar
6.697306395231515,58.54740928319609,38.89670906041475,35.5921728508493,37.04203660254699,27.63968253914409,54.24714137313684,Jowar
7.420631320463333,48.08726434274057,31.58145055371989,24.638022435378296,25.93395635770226,31.561508638076354,52.54941035378616,Jowar
6.663883534986688,33.4391983075712,36.738486598185844,20.55263665711861,41.67981524198193,25.122280102303733,75.46256450524609,Jowar
7.094658956004237,34.940107875219155,31.31635985718936,26.25312628710439,28.56466197823167,30.87345759528887,56.14091066028918,Jowar
6.5978155715480735,35.0966002441986,27.661313521715574,37.43233692657701,32.26257420979272,31.612828499998304,77.8523559683355,Jowar
6.217347988961019,35.319337605679344,37.25348140663778,27.855218378494385,25.08747964566019,26.190974557642967,63.905159727822394,Jowar
7.198898948939952,34.00165851279779,22.210827288334706,38.44185307144663,40.02296735645165,28.718236806224628,70.76747159983712,Jowar
6.643281541959958,52.7536724192738,27.436059825490716,24.88189144985205,39.58026842585937,27.357378337258147,79.25508417304779,Jowar
6.524227773462151,57.65182261593198,38.65925097134159,24.837058941294924,40.96442363176027,27.464596041156522,76.70098908921392,Jowar
6.675186408952858,52.32911152012098,29.33934818327596,24.55601511425712,28.987002578893726,27.403449554050766,70.2197862805686,Jowar
6.90760722777115,50.6588786970163,25.64652701463885,29.62870691915211,25.88790529938654,30.540259327664966,79.59568648959498,Jowar
6.610318593937007,30.3289095939463,23.395852791018946,33.050537555008376,37.241586364077186,30.30291775668435,50.15536043844273,Jowar
7.145447873320701,50.63952064571009,26.456289954276865,30.90976296113924,27.945476169966533,27.620516027484662,75.24789358222563,Jowar
6.6317870697380865,55.18700119426266,31.805067305193887,23.837534262047136,36.62212489395793,28.047866633256508,55.94565340785536,Jowar
6.179445659274106,42.501259915416895,21.455247524792544,21.975381027975025,33.31833065865432,26.44305185574771,77.02177303448894,Jowar
6.563558708070406,52.735743662163,30.604950527324853,34.08171337284671,30.202319660307985,31.535239782706633,61.203539876576954,Jowar
7.246986106927874,40.95137080428341,22.00422698101049,33.474232954416976,25.15519296674849,27.802343812524065,47.71207610665837,Jowar
6.9410632566530435,59.382596194135566,29.28805812641292,36.34996513051333,35.15568373902242,27.966720248832193,77.21693972715111,Jowar
7.334948803120023,53.57401395563923,25.92511506633568,30.90016831447881,29.4779446661137,27.55133358437232,59.368522630391624,Jowar
7.247460060253996,56.88085095974979,28.292401247929558,20.354088901464745,42.23547679578709,25.394229428010885,64.87527855561574,Jowar
6.037456350651197,41.98519425781693,39.71920604230699,22.01387202207606,33.47386303999285,26.45719960151962,76.20352493553057,Jowar
7.304010161861033,37.13096280918687,21.623755741008623,32.542767881222346,31.727374237674194,29.376675124848504,41.28479024271258,Jowar
6.200098852766234,50.5911669831793,24.247413106049954,37.15175351524803,26.17181775420271,25.723855862284598,79.94240993940275,Jowar
6.649614153880189,51.0889699063393,23.653260977140274,32.19737469971076,39.522121367388365,26.515813086932084,73.15588447903511,Jowar
6.905126367708425,41.673690288450906,31.15284786686317,31.535216948718485,28.31070585387732,27.22185895893573,53.73722352077972,Jowar
6.601354083868689,52.83331765455774,29.65076814933345,38.80632306478529,30.873528267168723,27.325628626279432,71.47827241916166,Jowar
6.819036889981126,46.41084439273343,21.06680326010367,27.971993254369117,30.414674648434648,31.994680982648923,52.33420282529241,Jowar
7.326744802190795,50.28701205121432,26.818328183841807,30.870687567482474,41.81071759898387,31.066946384247295,46.41575500024581,Jowar
6.509359711812254,40.05669540640715,20.840895921518893,31.96475519703793,42.09640105984376,27.052595102604144,69.60143779936708,Jowar
6.9415506204011095,41.26946206479003,22.82119598984594,34.18647705551935,42.091303378824804,29.486835939211936,40.71513936139272,Jowar
6.324349341586487,32.084399546505956,31.407721991524536,35.12955357680825,27.21158374137319,30.706702564747083,62.22035913581933,Jowar
7.034953518212587,59.142055458259385,21.673619764953948,38.02448045955579,27.522053919748185,27.143670453093456,74.05754785324457,Jowar
7.359381355106803,45.19115020635436,31.882092765508503,34.16294669197114,41.65517336905428,24.97208935630133,72.4027723291691,Jowar
6.721914225767425,43.518702753245066,28.477995039939966,30.18423170492085,43.90101106789207,28.385630182337213,78.12710153052558,Jowar
6.2704351959234605,51.72407936497899,36.244790772174944,33.58257662669724,37.13844560453081,28.518502248689458,74.43721930314784,Jowar
7.23246989574675,33.66866163541798,36.971753140617565,28.281372388808848,30.073936599916216,30.958148544111406,57.280991985349665,Jowar
7.212547035265225,37.902108358675335,20.078586428444357,29.90918385805889,27.004565132857685,30.035007644199275,51.04300544277642,Jowar
6.665468469905218,32.61100695274663,25.733184968945054,35.62980486517144,28.03175823804639,29.17727648901566,76.69703411218005,Jowar
7.0197551396365805,54.3306506787668,22.179432586078317,25.014636520041087,42.89077704481182,29.720844908944713,65.58215305509245,Jowar
6.99565010418255,42.426016629139305,20.891132632353063,35.68883084141458,38.57426472430708,27.782435712901798,75.99038461473029,Jowar
6.5042394974776485,38.82965232693708,37.455926501588856,35.93975309517971,35.2995962129669,25.0458779156628,48.6028588586021,Jowar
6.98434198561321,41.55123713521235,36.72946383331943,38.999100186644085,41.11273850549836,27.020363383964458,71.54745716925696,Jowar
6.527162510206026,35.01300263296902,20.66786409731715,27.7143342552204,43.07118607394564,25.911892702045414,48.26052659719136,Jowar
7.454731177861561,30.750123385517764,35.71564300787509,26.427399114817405,25.749759137393188,31.34242032167667,45.58569320838335,Jowar
6.827668925588543,38.221626222886435,21.30385604369382,20.998449713267583,27.311133976726776,24.57093611111504,70.42232462079691,Jowar
6.728349303425144,40.28676274046939,28.367378202640143,38.57893471145246,43.21503625476294,29.725411840980616,75.38729509686752,Jowar
6.479472041381437,41.43327978024848,32.27424363708456,32.47251894594528,34.633996760246816,27.205262787503628,79.44721246434781,Jowar
7.231685439176586,43.04940593664136,34.545849544791366,25.391233865049188,27.0033865247466,26.819448204421924,56.118912004935765,Jowar
6.024805686841006,54.443760049076886,27.18386804778363,31.60836331560294,26.479263745419118,25.39997463000467,75.5877490131024,Jowar
6.913031291824201,58.508521505114565,39.97500068782634,27.437202306661888,30.976061281665494,30.866848441272772,79.94445708149817,Jowar
6.944461851348686,53.85422167534567,35.63491717630549,27.10679416439094,36.485407605141745,30.66445553011371,67.52455505044222,Jowar
6.031745720973057,40.101170066926,22.889513931892107,24.65944424156078,43.109789549826516,24.295146311286146,48.79202847847695,Jowar
6.464354028357347,48.50652215899184,30.68203380171731,24.365389657067723,28.28482134446309,25.89438427676895,60.10118506806622,Jowar
6.406766678566806,58.42807504823166,29.27730442857695,21.17592033089274,39.58532811673267,26.630762305671915,66.1395572823299,Jowar
6.419391555784848,47.122312251999595,35.44305009614929,38.56017483549108,30.222542888661543,26.67885560799185,58.57065681143759,Jowar
7.390762256603983,57.041605704319714,21.79756560201276,22.638596515076216,34.910183546612764,24.852954182443387,53.8232349339479,Jowar
6.222578067326216,49.081210653956575,38.989908634783234,39.93467540588763,32.5048226499383,28.7921010969169,74.25070614096325,Jowar
6.176193109194576,50.68693233155895,28.176873234501365,24.122923205603282,33.055072374948836,24.607682295719336,67.81628594357223,Jowar
6.379114003122679,39.34216935134634,22.421625964829254,37.29318227779783,34.86888558565477,28.5771750222912,62.77730732379418,Jowar
6.615739671812013,35.77589746314418,34.902654969968,22.541125307153486,27.07747580557621,29.681160300772028,48.353480818079355,Jowar
6.460159127029248,44.256824010052206,28.987026334590922,34.17158250129998,37.46863586886722,29.155169298254926,68.56217322621829,Jowar
6.438919091135198,39.66999935401421,28.759954957911084,26.149243460670522,44.69875737941727,30.512415411371435,46.58618753024118,Jowar
6.008391233822804,31.283498047418036,24.881269020858504,22.28582571673713,35.66676229785144,30.86396178181887,69.4700088365291,Jowar
6.323413594623285,41.978977680773575,30.157884190625552,36.20411699006671,41.78243206212329,31.277746495262207,60.36981002011501,Jowar
7.041412119653795,33.35401113701811,31.30577919907964,24.973836189422702,33.63433770053222,29.072404066453757,50.27943751415124,Jowar
6.078277586695141,30.307015692262727,20.44319071089043,20.166994750275393,27.207101131157508,25.91590971656104,48.848860567291965,Jowar
7.480194891269845,39.1801831562683,22.54841566718798,30.91125088335516,42.15914910795017,29.4244830143014,51.84328356541801,Jowar
6.842424239687182,51.445679226012274,34.56208984735485,33.33076910595378,42.416208495512365,30.960843666752837,63.15746237628013,Jowar
6.644784553666819,49.247108866953,36.36424002740927,20.113042096823694,44.83994018029702,25.463150178633594,58.80995942639905,Jowar
7.3080446022642995,36.75121197132598,29.535904478007666,22.651643603623583,32.901526507763855,25.41708363834402,54.54510995084628,Jowar
6.560196325189083,59.79512368794998,39.89626058607544,22.29572557321225,39.519375586566944,24.41396383735281,41.20768061348755,Jowar
6.158000841367446,58.964569710238024,38.817270957893946,23.878556405613608,28.23344671107423,25.924280692127574,60.62187976300569,Jowar
6.854556948053115,36.64780291318342,35.13245576179891,26.191063388053017,43.442626510588205,29.253781651653846,57.45404777214446,Jowar
7.184868002554268,54.53743878139994,25.809632112178875,26.79429087672169,43.71910307457207,25.317928306906175,41.68601667851737,Jowar
6.681082983914324,54.03629700730887,35.43336212621492,38.39061257825665,35.664013287380804,24.800517372532266,63.547558973440644,Jowar
7.167593421529817,32.79984360809479,23.453148021951794,20.24581322311342,36.87305158893621,31.093875135567234,66.82653264008398,Jowar
7.4730601313864735,31.891009574992847,38.060021703029925,36.281365747733616,31.2848304099901,31.788212414698016,51.517509926856604,Jowar
7.333957085742328,56.42245731222568,35.15315233205945,31.26940947625704,27.40005499233776,28.255773875971986,54.27185022619739,Jowar
7.188325549733028,52.74387619490535,38.2122501474521,20.296603248634156,41.182064336460925,31.50769642499735,71.57201796432601,Jowar
6.19529168980555,32.438373145226635,20.416904796154014,32.57490451656142,37.59345303719775,31.895309713745696,55.92172696416383,Jowar
6.4978594273462456,48.73274781553177,36.51217345015188,38.73547899046004,41.06248332358077,27.413391844926437,65.39656941248256,Jowar
7.284448990074175,44.718290649352184,24.333732874107852,23.394468794957458,25.003154891561135,29.745903959850274,44.44388835383962,Jowar
6.365758649543911,38.9362899456838,31.207597202735364,27.959145545915383,38.49347984046324,24.445109274629623,44.957567770577576,Jowar
6.7488172552999,40.1089436354049,25.916267255027194,21.340561580750453,42.91438349496003,29.534548689000406,44.86472627278597,Jowar
6.097568936605711,59.24617600293729,33.6234510087901,28.34912142187483,39.0346208151157,30.050654291841273,71.19848809555117,Jowar
6.716815958479587,42.89648274374544,20.22056168537801,38.531142302836756,37.06615756777886,25.625231497519746,76.78413677685747,Jowar
7.372397852655444,59.675524930982874,37.48113126277958,39.955687756401296,29.893723762465452,30.737996681593874,72.92113235183058,Jowar
6.3464105388311,32.95312647002972,39.58841027355199,25.920491030412208,42.41783580935612,24.03301723739683,40.840992288784086,Jowar
6.698806963044553,37.161440518051904,33.796825668719286,31.311286511359086,26.54971594900983,25.301026370525737,55.52197080233657,Jowar
6.27840609593315,53.766670417317854,28.3214047110656,21.868637336849986,34.6868580454425,24.726705448491312,45.15749221679269,Jowar
6.359414748042308,55.785831157424695,38.49225064665944,36.52515458664138,31.681544348356944,26.179571528870653,61.96622763160957,Jowar
7.082779740799668,59.80118364480525,22.631414237578525,20.98583998047609,38.887117779905424,30.657806268031244,73.85395119465693,Jowar
7.017695323615741,58.62047412357561,30.22009527089174,38.27629596672425,44.35624273983046,30.77725965602486,52.390342530344824,Jowar
6.294323476755443,46.44360194945455,29.06029500760377,37.555166843854664,27.000633421343075,26.06192049049215,70.07195778074833,Jowar
6.1424799674659685,39.622932420651004,27.743107881079663,32.451875931253795,28.16265291438729,30.884835922797677,57.901689418650975,Jowar
7.3755325678208346,44.03609740901795,25.500805178814666,22.836576573753497,25.074901894225697,28.257259879878685,44.28626787707694,Jowar
6.587591645446768,47.678152837112606,25.513717938054008,23.504485847322304,40.49443245218683,31.574329378252965,44.01761671447864,Jowar
6.233385486577512,58.80037971758156,20.755684436244927,39.552646731009446,25.092889661699775,30.98934924521065,52.29300723950998,Jowar
7.407883287265944,39.50835865906757,33.08612643068112,21.60065139531873,29.84659622907478,30.189434771834005,61.14743414715279,Jowar
7.391953592680567,42.86254225024063,37.39624731627846,28.97910874956475,44.58496557403971,31.678675051191014,53.16546822224321,Jowar
7.328885505625205,55.42834122646948,24.213607946551257,32.4858080156654,26.453646311796298,30.69368576466769,46.98183534013986,Jowar
6.106222052078647,42.00657286616433,31.53844277199287,37.09833917119542,44.484850510434725,27.515940100558907,42.41787691941081,Jowar
7.123673368538806,46.95519768671812,28.957826896889262,26.185377575843795,35.04797055687071,26.70943683565625,70.2804747098944,Jowar
6.815840544738961,56.30543322462336,30.87087829298884,24.7652482667986,42.021837644642886,28.457752359440352,48.27364152574245,Jowar
6.935261714934333,40.731502948272826,36.88811224584131,29.065994772930857,39.52882716214833,24.764289661089897,55.840973852093846,Jowar
7.474862154708598,54.25380868431445,23.198816047338575,25.555280989545103,31.59631617712722,29.202924483963564,70.27979037958622,Jowar
7.1242899132118644,45.29622168919208,36.216410756763025,28.741561655149503,27.47761130591124,28.515534733230506,78.09205538404427,Jowar
7.189490477088767,47.36101943076727,32.936113206981936,38.61124054071145,33.56685588869921,26.6511531115411,79.08966260001796,Jowar
7.2951647002655005,39.69130753855807,29.275611947218458,28.30156258015598,27.981913573428677,31.662554590506073,56.17249724879035,Jowar
7.312993623956862,35.68068683041995,30.957416212744395,20.479227702485396,40.28440967684617,28.647311185970228,65.0235833387901,Jowar
6.07758132383198,36.33114990625846,21.486617447071602,25.778286316076233,37.54878015364302,28.529487874539,64.4859928645356,Jowar
6.8238769070668415,38.19086387027578,24.890149946888506,22.741193670731626,41.981417498069845,28.931834868329958,47.46044050016239,Jowar
6.265814069731859,56.1910680457841,34.854617275266385,33.18798159810743,33.13728215078599,26.095804514228142,79.17803052451295,Jowar
7.1958593625342,39.05337669408829,36.951295925569895,35.178638972293626,30.94161099755997,27.412422833933118,47.43813781564106,Jowar
6.166578666567164,51.6828609851909,25.350237147077333,36.40118731492507,44.91217423028852,24.61295851143719,58.92140500334801,Jowar
7.203093838966204,53.668526896237005,35.19994316661937,26.97989870603822,34.077065113701046,28.759746858731763,78.95762334293029,Jowar
6.491320906407739,57.69431663150573,25.387138363609882,39.7814893094741,38.405273736551834,27.708091842868406,64.5356171225442,Jowar
6.40879675356031,38.225215725344,22.271090876869877,22.281005954107975,31.953434829378224,30.10284382317097,64.3188467039265,Jowar
6.153876840496531,55.56709574927733,32.02735253980133,39.217111535695594,38.403709348224154,25.40139890963345,58.95133449231289,Jowar
6.972746396320806,30.84794103149933,20.29820528309616,22.588060011971358,30.033288700909416,27.436392988165405,59.497618950391534,Jowar
6.207041413406845,50.20174737347492,31.922761233930697,25.889281976823206,25.27319766870584,24.621183322826326,55.667791020433576,Jowar
6.230961526748526,41.304588184439126,32.5636520902071,30.94474855758567,29.623517662747886,26.750579930070018,64.56124793794602,Jowar
7.291282542065173,52.59640316216632,31.0680005366683,27.245859966329725,32.30102555083611,31.03533848211517,41.569743041621855,Jowar
7.481973966630392,49.93126232554687,33.622753981447815,20.759956746094844,37.11058549782544,27.878224480723574,44.23115627576268,Jowar
6.416883016154038,56.70943368640954,30.99976831731906,28.268331503478173,26.45364311681622,29.712972219218443,68.1140329358413,Jowar
6.921065410458845,45.307879386619476,28.675688044147453,31.865421859759845,29.667909034568133,31.53007251342118,63.551781167209185,Jowar
6.466788666531565,43.49039552655472,36.11369577753784,23.23232121460595,30.856712449205208,29.436064181892444,52.619568259288954,Jowar
7.188752522792199,33.91360461532082,35.253723409092174,21.367034297011326,25.251852253349895,31.185788150657295,63.253568677291945,Jowar
6.527740345630217,36.97783910891551,32.33771566521632,30.180043670734765,44.831955510599705,31.865727893229966,65.40098264566439,Jowar
6.664305759158836,44.73422907403986,33.64958132473724,22.031490884707626,31.567041476214364,24.60217792802883,42.93443038067678,Jowar
6.293758862841351,44.5575976377968,35.69548642325579,29.70991782331745,31.709532211217393,24.658823922694065,62.01182092732518,Jowar
6.406902879724765,48.44802533751442,39.543754782648364,22.226286429551003,29.242507974438798,27.784756304794996,78.74455261383719,Jowar
7.157714664404994,56.9468757948849,26.674296969515858,39.84076947557189,27.05665632128315,24.423783248368807,74.22410508216112,Jowar
7.39089730531048,32.717560726383056,22.26854853491683,20.663483155115475,27.090151252854483,25.675358534402246,78.80306475640003,Jowar
6.335720444479361,63.35659076555626,35.52278807383044,40.70147499558429,50.949779554260346,25.958075323899696,62.5818439041343,Ragi
6.1222202175368015,56.005257584035405,36.46906107518642,49.63454434763318,43.22085130841861,27.633906784413597,53.99052016152534,Ragi
6.553662738896577,51.142507359796966,20.787803257793733,37.26492357124354,47.2128550184329,21.192501676814665,86.96137969721019,Ragi
5.155344826545678,67.90020159499498,34.14275035871373,36.59424350828407,42.81500695418187,27.40809364732744,74.0588440352483,Ragi
6.34328584290989,51.6749384954044,29.75626963615198,49.79734968075787,39.27845740999435,24.178561865221315,61.67292750295869,Ragi
6.530223020879699,62.92037876997162,25.848909219947917,31.62780633265966,35.22865353344408,24.274505332424855,66.41350377343083,Ragi
6.976779757279726,54.09406227093039,25.128367391508412,47.824588820629344,44.82135899307157,25.991756352105778,53.826748417128506,Ragi
5.765832814659548,68.3267102342136,31.79010768350851,36.890037102849234,47.513343612631864,29.10411089578116,60.959624018903604,Ragi
6.010233436941348,68.76071961735266,23.447922865969055,44.39327851193423,47.28962016405965,26.796751311406346,64.04878522670279,Ragi
5.62775874696753,60.526290117651115,24.310865702090908,38.393094897180106,38.76349292105836,20.083048411233296,88.80229440152277,Ragi
5.863405957312838,69.08048843259476,22.80647039535652,41.74733558914972,39.01948065582479,27.900741269632746,81.34811955043901,Ragi
5.225214298078623,67.36193358629167,23.892592944064493,42.259546831787205,54.71267240175408,28.823965347663638,88.26255714244675,Ragi
5.685197542436239,43.1672692665839,23.766937465789002,40.00989790153228,50.86459356546644,21.501536441838752,76.38926129043028,Ragi
5.647155208079024,50.2360621717646,33.23835460315853,39.3399883906644,51.24066586051988,21.55918509662827,81.59793079068154,Ragi
5.128470496114842,45.82161640736815,33.1229942900633,47.09851313022142,40.05359255478698,23.27191605828913,71.48482993146959,Ragi
5.423145612978605,64.33468784762516,35.47273290011522,32.90583423931563,44.276594636332646,27.748277666546215,63.49318124413659,Ragi
6.266213645435464,41.50639364372718,32.173775210586356,33.05305960001214,51.611666502289026,23.554494635804787,61.262154509127825,Ragi
6.68177795342297,41.50432069215431,27.932175986686897,37.400070811500626,40.696007484991014,29.117543320014768,80.03713574066889,Ragi
5.127846328383877,61.440623483048626,30.54598266257588,48.01735788803158,41.25891234696717,25.741619996095828,70.03021098963944,Ragi
5.979121812455212,53.68316198551638,24.112589510645627,45.114198449847855,44.02672065478578,29.585162750026058,60.43233708771105,Ragi
6.365487679254082,68.22151238917326,33.26916646032185,47.42545815234789,51.549619195140124,23.60117715489004,74.00495759757986,Ragi
5.312522679622711,56.06577648086798,24.608439436286744,44.87473629904891,45.56116843784249,24.112273626316604,60.75188384667911,Ragi
6.997396963682574,42.151315626547984,20.8712136114484,34.34514800987729,54.42144917255639,29.792381683199842,76.19710939088543,Ragi
6.76021333441281,46.41885192522386,39.44084188353247,32.855697002791295,37.02250376363317,21.12211539247273,72.92511693090259,Ragi
6.561948801436104,51.000015336238995,39.55791975572253,38.68840276236659,38.008971015464326,24.65966748186137,77.16148661689759,Ragi
6.664451561008757,53.76304869869779,31.87213652098335,35.34689424317707,47.91833052811028,29.859719439503436,51.962142903511754,Ragi
6.773061341410336,56.868475083025686,25.041973191246,49.09779420018516,44.66708606117798,23.316902516733855,57.259905130833644,Ragi
5.488904420513324,64.98547124774328,32.28820018634332,48.26491238976632,39.63936904315572,21.211385738489014,50.2435012390236,Ragi
6.015724075231987,69.94920791145964,33.89930537637278,36.167891839302925,52.537171660523434,27.817222659879597,50.61660664306157,Ragi
6.6337209610820445,49.015802717154884,22.99346929167202,34.52661679474149,44.37159608750278,24.24867927068011,61.55549197496907,Ragi
5.344436644414065,62.86692368926508,39.80219567469834,45.55583160839381,40.91873935343082,22.448089614121333,58.70663504263753,Ragi
5.273390148978073,56.53991649076904,32.10800743906688,44.110053213262745,48.60426741867336,22.923333112833824,63.21244021587386,Ragi
6.363029070884676,50.48342922350885,24.25246379238626,37.48672307393479,40.44168315155955,20.883127212185777,83.20555609106614,Ragi
6.706222778314073,46.592509005006384,21.295443990504033,44.77654874702359,39.23057251726827,23.934354894368603,52.56541008949533,Ragi
5.452539169516871,63.78706834988907,36.08792893830404,34.14169649775421,41.718276902133795,21.342384190937437,52.96690521139689,Ragi
6.984343428896819,59.66781853734518,30.841930183966376,45.30997000810599,51.80154319375448,28.067147680447277,50.661577971595065,Ragi
5.373615796380997,59.64715906353493,27.51518695607926,49.649653021222136,48.30809585276508,29.565489087292065,58.05785926583175,Ragi
6.727914056230047,49.64056917445676,39.79129616475613,33.153773441462945,45.32679637676653,27.92844533837122,67.30569922416143,Ragi
5.936168120375293,69.59067386517223,28.506163006023066,42.081442011981274,36.09079321350301,28.422100802102598,75.92672195918175,Ragi
5.808040205725627,40.48508619863559,31.833376411870077,30.253156569683245,35.024072278180356,26.160985621493545,57.56068269338217,Ragi
5.383775099436191,59.59814697498231,21.073943758787486,36.268111229491126,37.98863804284038,25.801763697965338,76.47060618909583,Ragi
6.442271707198087,47.65693650755696,21.78499503273168,31.573673138837957,43.52303096901448,29.45844409062715,58.70916136988099,Ragi
5.513483202683099,43.026664063175765,32.111405477878606,43.5974574789435,47.8586241632152,28.611302430447815,69.45703340104288,Ragi
5.268914081534129,48.68215392113238,33.24859946842704,42.2624394748312,45.62006259485925,26.829644186886874,75.49563401493197,Ragi
6.762649778929903,57.5804913243489,35.572027174011126,34.974143119329355,48.56365169178136,29.021941183826755,65.42929311599333,Ragi
6.558208374677293,61.74367903586306,21.19052393743645,41.63016619248145,37.60378698401605,29.673191722305912,82.45630010802626,Ragi
5.21944760249424,43.65255992943035,31.889477098252378,36.89778348346367,35.69811718146219,25.41641507833053,65.51380398743387,Ragi
5.202152984743485,64.05761176767948,38.301535305576124,45.1318786802826,51.44844620032555,22.164905672661174,60.54291803674404,Ragi
5.4170550805983755,62.95190294096692,38.95834157868994,44.33674413467806,52.62933529759112,26.386990948831723,65.50639602235196,Ragi
5.851523229860611,42.259642965022145,20.62914390492052,43.90951208378155,43.768577840223614,25.522150680546297,72.30644990489665,Ragi
5.554751626666603,54.276775324884724,29.415204433354045,37.76854442455714,51.41350766802141,24.51164003687596,74.14578098023952,Ragi
6.791040240761652,65.98700868576768,37.8084440755833,35.40009992930028,35.69964976616126,22.610667998953293,61.14829382482834,Ragi
6.818720653449936,59.477281985139115,21.634079192044574,32.70757192022202,38.11352251083951,26.304217481689232,79.41656102028013,Ragi
6.719287821130792,68.2190965241873,24.034091147728837,36.195449694480985,39.806457614896615,23.58761567466138,86.58660429694999,Ragi
6.150225133878723,62.14575691973497,29.802384722535642,30.577158266722492,36.283909719956284,25.379230312678857,78.75156139280102,Ragi
5.430661055057463,61.65728721976912,36.21331546967025,38.237949567242225,49.9283846568821,24.0402995032846,77.1340251782008,Ragi
6.527994098639086,69.75779854924332,26.90793324127192,38.22081561149223,38.312401188203424,22.040730584018068,77.7358001039351,Ragi
6.834091180308953,51.838148549837214,23.596888936710826,35.70198998765988,44.10103409616277,22.906503293653685,59.34316332487465,Ragi
6.471968977514159,40.235347637218695,30.784610546729663,45.87533614059508,40.32456572634936,26.03291510612017,76.75600422474471,Ragi
6.31004939281018,53.37548902596153,26.931559757515586,46.71848146055627,50.168919139997286,23.212551734139126,54.12076777768824,Ragi
5.143615090890938,42.82827933696808,31.657387223840857,31.033243516579795,41.73853749928077,27.531997019142295,61.773926660615125,Ragi
6.526616154360259,62.36401114621166,24.916542652664326,44.576443601854905,49.955532765442015,23.97453925667027,58.41681934966073,Ragi
6.042541613783738,67.64192764000589,32.79233464864124,33.45844995254522,48.655138494670396,24.272030272818345,73.66115189421492,Ragi
6.468128070046216,55.44842054543334,36.27967949146617,44.443111586332556,47.301466800370214,21.507928158323516,83.43796443646274,Ragi
6.871811170639632,44.10895371427885,29.76482258866861,35.17777483941009,50.0904661485113,27.216296360047,55.63540482281595,Ragi
6.754054542523274,45.42919191934007,35.94518051296215,39.1396071925601,41.56544587116302,21.582392626742134,56.70457024586518,Ragi
6.323781109401801,56.51291163841361,22.441708433024655,32.2539572087665,36.44621149545583,27.43767347373544,78.47528340917157,Ragi
5.1168619817091505,56.80810226790919,21.6935231048538,48.07491541217883,53.14234838360265,26.9823298981313,87.047556857578,Ragi
6.622906060827381,64.85615727781148,31.394157011398665,36.12118396432352,39.35598230232843,23.27200022038929,75.13981720356249,Ragi
5.345313071664798,47.75920709911965,29.36121725590929,34.66100197049231,46.77287339432123,29.2317602845633,79.92357462812507,Ragi
6.332853228297826,57.48164427951336,29.758958185141296,33.73127719269319,52.89420910853731,22.48536002012836,53.65235510312643,Ragi
6.500030358457391,45.26846602993499,27.43791999082352,30.565698565819595,37.741358850808965,21.73203630759912,52.17640511000712,Ragi
6.313313913245691,65.11023387409352,27.46630812731882,47.49152953436401,39.26693149120253,23.253904235612396,56.02947972124674,Ragi
6.241118390837997,52.596087726109204,32.265666936837974,45.233498107883676,45.91406032065897,26.27630354901788,87.41001257577332,Ragi
5.598128619217686,50.7749181590186,34.354067234186736,42.226110341107734,38.570658090794296,23.7614731001049,68.7135205249886,Ragi
5.838779675936779,45.34824424966122,38.488601835685245,45.24637523387952,44.62711664215705,26.800610283068366,85.89130688542087,Ragi
5.272348284723142,47.51119152120933,30.8540249451329,45.980207427047176,35.72509790883055,29.840181501963606,68.19626411529589,Ragi
5.718462281243446,48.78173313519316,23.487134153017433,45.831478178600555,54.10828329492193,24.136447548453983,88.09682779013825,Ragi
6.647595230870069,54.431533824289545,33.48052358252265,38.69968358340926,46.174468164251046,20.580463370185036,77.85053901202133,Ragi
5.105649288968273,64.51254840758949,36.49893858921115,34.74154575112429,41.473255620716,24.813103785582932,73.86651627729925,Ragi
5.5747073234839934,57.77459213895775,25.955741464585977,31.109814421421213,35.05055099663818,21.011510579184286,81.69002800656074,Ragi
6.922862624766674,52.80898597843658,30.253679068998856,32.93696338146852,46.02062705360314,21.446549020069767,74.4485732479532,Ragi
6.866517335161708,45.87095617909119,35.291274361142044,30.47004845636648,42.50994482643242,21.10748507830509,64.09901766382798,Ragi
5.347073839277767,51.19914970368662,28.350456122150607,36.011822455618365,48.132438989462585,29.188520512589097,66.02381496421089,Ragi
5.384686312950043,48.1216827458795,37.08001646992738,41.43279446540296,44.10022064613915,21.49636721508927,67.98909233295127,Ragi
5.5569840067147735,68.29489383560048,37.68140218831462,31.678050836563962,45.33306978522486,22.25058345514672,66.43108358097163,Ragi
6.753695996502913,55.82543559665635,26.684305867415198,34.15776708209994,51.006497188129785,26.24518015364347,68.72261841704925,Ragi
5.434968707725956,50.02739122471394,39.196868534770374,40.40179875211669,43.01398562486506,25.21422042348324,81.15954023598434,Ragi
5.680217873005738,45.361183627978264,31.698722366780956,43.304082069621344,49.25436005917099,28.8198759076613,64.84696482756452,Ragi
5.150709792457784,68.75045750892826,28.700238548749503,42.46515019346263,48.326106462565846,25.465137087012035,58.2103011894508,Ragi
6.510286100232283,64.11255922912245,31.059511720348794,39.771223211696835,37.278763662559705,20.839516614997837,63.58259382254115,Ragi
5.621692311034787,68.60969352889813,35.6724548488686,43.1984859051812,45.3529617803521,21.673675307266514,89.13826688737136,Ragi
5.75008139648042,43.20776807341734,29.875977914314923,47.47996023226166,52.745820035546586,20.109659160564473,85.451829790056,Ragi
5.542968434999717,41.16917091905269,36.955805407257486,47.27733511976417,46.924621596847004,25.744337572963584,82.52481090485678,Ragi
6.57261910542056,66.70316420328112,31.05494895193407,49.35294185465617,54.92293661866677,21.165446099986326,83.98175038216488,Ragi
5.999644515497178,51.62699014899496,32.2614461976543,31.11931114524014,45.1292223753416,28.70890570026667,58.53846064555875,Ragi
5.85277978953885,68.18442663144626,28.571276756113946,37.16735264664797,43.81073296246757,25.194527665175563,75.27965376525876,Ragi
6.601385601833462,53.563066172929425,36.34961870180281,40.67441322704161,41.769610207359555,26.579508281194144,78.70889018973966,Ragi
6.1160979512589755,41.6984491940417,23.397657503216497,35.70595441780456,40.652512119029865,26.734208002468705,50.733946466945305,Ragi
6.51136355409904,47.960274244207994,26.200436924322048,40.558196558878485,39.31851201877915,28.844713135755278,53.41475117306261,Ragi
5.8887647246021295,65.4826680836467,32.31687788842471,35.84659031685267,43.41520415552921,27.066943803425147,88.93042973455597,Ragi
6.786277436758867,50.2729842514713,39.96395758575715,30.070093270621165,35.552595116168305,28.238405151711937,57.97850747332208,Ragi
5.121538536792482,47.114442197095066,28.522003079617203,44.611325408668094,47.48671053102411,22.376212175604206,70.13081792402338,Ragi
6.852428210797138,64.45023330951273,26.46379569663587,49.64529122711393,49.17240800870262,20.62449355666782,51.406428531545544,Ragi
5.33681589802006,61.8356760415044,23.67477851684856,40.22973538417667,36.865202403616635,29.20886157830195,63.7584245433427,Ragi
6.816264113121262,68.34626925731632,20.122572946273614,39.282703743974636,35.49312111413786,29.08692766302906,70.73630178938303,Ragi
5.149888025396994,43.308301848297006,27.67018048985478,48.80468385745779,48.85818303136162,28.676188661891324,64.65826585359919,Ragi
5.086427399099996,69.22952911613243,20.343459813247392,48.95303306162178,42.37354847698289,20.100904050218816,77.56628926898033,Ragi
6.961080608062709,68.96877168512778,23.218740224048368,33.6249561213231,46.3107782923932,26.373048264283245,79.57671654663463,Ragi
5.362100720944295,68.77021260293304,32.77478512578476,46.9409383774111,45.801314305683434,24.142768475898826,89.08731626379983,Ragi
6.164242741639672,66.00620748397537,39.0658479273258,43.50709254017318,45.9787735703735,20.035108509106507,51.60078562956024,Ragi
5.401702432102232,45.58025295567986,25.095175903996907,36.098692753953216,42.201309871014566,24.205376900688766,53.954653538240585,Ragi
5.084723863905564,60.21833347219071,30.746696496861553,38.88288404440239,47.68879882336705,28.276794072035404,67.10771636464818,Ragi
6.282238930103959,68.60716671505476,36.792489917231215,38.52001621004819,47.89433675629486,21.770709219159396,72.42088739580359,Ragi
6.962656582276885,55.54945345607567,38.55276598380294,38.14669841006521,54.976896543692625,25.79220035227558,51.690759769437385,Ragi
6.173509593382776,48.2371808703879,20.649626440717896,46.41706609389327,40.51459273961512,27.965485540464986,61.528703318234676,Ragi
5.388652707747548,69.21806722313282,27.232906555100392,42.02752422886321,47.199629856289434,25.60473482173502,86.58782974084858,Ragi
6.348882142733737,52.111990123147905,37.24760769048548,33.621257982319285,45.88473515220835,29.505503719437563,75.0159051952165,Ragi
6.633936900949752,59.606821766355786,36.78741727075781,48.88975759690487,40.45843455065474,21.69661081256719,69.3596300133016,Ragi
6.4037248536484315,46.81573759546649,20.082029008603342,36.85870231673411,54.37718670935577,26.949674606058466,66.05301775764896,Ragi
5.3851521946936804,50.68269021264241,23.39678866602496,32.12611642625903,53.13484745145108,29.976503383754736,56.564577583831614,Ragi
5.109045117756559,49.89193321438637,29.233183615228306,34.096424941517085,41.02849823597117,22.008707356916577,80.97042273729805,Ragi
6.4251558864945215,59.04854547282945,27.744357141584096,48.18081882628472,54.3906508307004,21.73639312625412,58.92050565647512,Ragi
6.0512620560007395,42.737517078467356,28.728967976462258,41.6358252955542,45.44147142274666,23.309085830780262,71.69783224308827,Ragi
6.917601908517696,46.18052212874128,33.09662716788007,30.867933883121037,36.3283280896287,25.51828224223585,54.19756721311798,Ragi
5.044693576853715,45.14538992944067,31.296983419991488,44.066819090378644,39.0495712828276,26.682594372081745,57.299053243969176,Ragi
6.226914853262514,52.358790396873964,33.075990186672335,49.90105504958495,53.756339304651235,20.042817578361035,85.41755057449222,Ragi
5.132981590349533,68.59139758479535,25.636513581993693,37.64069660822542,36.832764103514556,21.122727583289095,79.06962260917278,Ragi
6.8886644714965835,58.322454848629285,34.31700031053622,45.23939489194307,40.25628549105883,20.45229630920215,50.07490975676674,Ragi
5.701298565908037,47.24392684597648,21.246354500983713,33.590565849873336,37.48997796535895,29.148783806173704,55.61068853836676,Ragi
6.075296927975359,57.79317865336493,30.869789154172675,31.98112868431976,41.375967235011025,20.512703324631534,65.82679656385264,Ragi
5.377197862543184,56.848975998531394,33.85616787698201,40.64239720409413,43.684733932227914,23.873334208566924,83.66767072388015,Ragi
5.43873613013054,62.026550185866064,35.14964649480238,38.38400014541469,40.946011984512786,24.705414860459754,53.72855703570794,Ragi
5.09186006445818,43.34809598355675,23.742900629244524,40.08353640676086,51.98273272322244,22.35642331999687,87.40648042987112,Ragi
6.909815817870006,68.76713814535616,36.75125469352648,37.276500815954414,36.45367822005246,25.688187317664948,72.34725775748934,Ragi
6.699951534219191,69.87973152838316,30.16314613120295,36.90408062079568,38.71803423112534,20.04799824817371,70.36454769955517,Ragi
6.111037333405191,64.74815439452192,30.091539357856014,48.32936697332113,47.561669531428706,28.40336238221083,55.932069392309884,Ragi
6.710672260604629,60.25431563331545,23.404660648766612,33.795271162920216,53.53001238088443,20.32215360450373,68.50139773182825,Ragi
5.626950579868203,59.95232319995284,36.79258775137984,37.20756243113139,43.53804174645674,29.819177845014142,81.35666038716812,Ragi
6.794408261863583,53.16286661954889,24.681524079682305,38.237269307729036,49.321838356630266,21.094304048359792,60.818764224660356,Ragi
5.093271800923181,52.97043215014395,36.54891471959226,30.493273765960215,48.50647053614332,29.324958745137394,59.47711446044729,Ragi
6.3872696814552965,69.253057033006,39.24556120304926,34.698583860582865,37.00662106424137,21.48282537895916,78.08142673928569,Ragi
6.451517750906551,60.227096848845974,26.721567754844763,33.395538795162445,46.61522183904506,24.836804457578666,79.15336588489214,Ragi
5.882720157371243,50.15919084059405,25.869571547180286,34.22940640099493,40.31492752373323,20.948304388441013,63.87428043715558,Ragi
5.073139624725917,45.5924154149898,34.93540889238858,36.50937977353245,48.36474033954688,27.168841755972775,73.24741370928454,Ragi
6.917395482730797,40.6431959986934,34.77305301176284,49.17573287880816,52.24543458705878,21.678926918050134,63.07281225006928,Ragi
5.344903679752931,58.039250914441126,34.24375963958985,36.34147538726116,45.79013147968591,26.90920570071195,66.85359266444193,Ragi
6.708031060910919,63.14649805863451,21.293310877011415,42.422505981816585,39.70651101919499,25.57518264667275,88.27553770531864,Ragi
6.758124009104501,52.13549209345395,25.83027716688707,34.68811488816518,45.6502973951304,21.142484532580564,71.97100032512995,Ragi
5.002667278981584,49.71548892237534,24.398686276611627,49.42437579921564,49.54484639139958,23.496533804622377,53.71380346122482,Ragi
6.033601189381248,46.40343643978127,30.728590917967153,46.707247083577855,47.31585104202771,26.337884195450023,71.64121156251247,Ragi
6.8545312652628185,67.95708053261811,30.254464021471044,36.115189742870086,44.19174011758888,21.865579121956156,75.45377261272357,Ragi
6.000184671564466,43.0990143343984,23.952955622392306,39.59263912399054,52.751779814377166,25.663907206310974,77.26140000833882,Ragi
5.67805709948782,57.14234179132703,28.94759645276135,43.182598252463215,36.01151132158021,24.93300216238959,61.839705005758674,Ragi
5.652370122555818,68.82752294674185,23.653896254227654,36.22490505157194,45.19785151461743,28.630269481496235,66.66680332825482,Ragi
6.487730561776342,65.69122294644407,26.20032711643698,37.855003670774195,42.13112447376712,28.32855808617921,51.773874478144045,Ragi
5.61684217765736,60.3822567278539,31.308869991306853,38.725787185873884,45.79896454442769,21.975845858283183,67.22866486432042,Ragi
6.003405968352698,67.03567365863805,25.216703256079526,47.35657004329865,47.884828016519634,20.20340831067601,78.98525347597575,Ragi
5.07110375509811,69.92143380441439,37.452733753823956,35.94687495080091,40.14822460393411,23.81441082105609,64.24667861257772,Ragi
5.744675636770762,49.548296383584415,32.42266813696663,33.28527327441248,51.91962584892026,28.124024840313155,69.05932831421082,Ragi
6.705459930557096,47.4143521009088,20.35130911407934,42.384158500596456,44.15818813929431,25.671645462958708,85.97357636073612,Ragi
6.939851147131887,59.03359419266809,35.281111797048766,31.676168669743284,38.21431169783011,27.332048049529767,67.25461825552009,Ragi
5.891930540808811,49.2582304490631,32.14712766955488,33.70330090832405,47.538325586277914,21.737988571352396,52.55304138838854,Ragi
5.660715377398122,46.93421026029543,37.77983277112665,31.099069077372533,38.53227385148246,25.487196055830495,69.24268763389895,Ragi
5.0917040367494035,40.21757284045434,39.76135883922299,43.17669400717676,42.308122618031135,24.704322476632413,60.66200481817148,Ragi
5.689747567386419,59.47133401804642,37.656235977347414,33.6826004616237,51.807230107706374,21.21556629518269,58.59968894353565,Ragi
5.074350576099292,44.224355862789984,38.34606290928101,39.18877493236757,36.55331723556707,29.597268380389615,85.159692310346,Ragi
6.509365041736283,68.00418375842673,24.402588416715282,46.72738586020173,48.79982392708612,28.697592495676883,81.87646262970519,Ragi
5.69299012635365,63.23195611051767,25.249126059697808,36.571843260561096,37.15811434445952,29.350766159804685,61.64013453601126,Ragi
6.041244930342904,51.73998509398578,39.19856241167003,36.700983418769646,50.570916428453785,28.5541615463118,67.42425989923863,Ragi
5.756343628905863,62.43237462797884,38.25791960612468,45.09863466144476,39.54252731183731,28.883077474377053,65.50326669747332,Ragi
6.152458823555868,64.94306857878134,23.767895348009844,45.69020271355106,46.92325595821355,28.93341641827608,56.87881607374172,Ragi
5.841364474081857,64.98529278600512,20.384634069135203,32.24402733531286,54.811304255134694,22.803941785903504,89.02172774895814,Ragi
5.365063102017348,50.832833290220066,35.05738889007141,43.15556814476357,46.62244799858111,25.298991758050075,83.7376177465896,Ragi
5.469897125666785,53.27412780980555,23.109045843129145,41.91883191461409,40.010888485426406,23.338420643433857,68.85002866494112,Ragi
5.0535411714062555,42.75813807762513,33.71858441416439,38.579399614350145,52.29580443999791,26.946720036441995,50.324037665892895,Ragi
6.233424661534269,42.81174598179149,35.618663595809885,49.83015376557004,45.62397588483023,26.827795001941304,59.49256643579006,Ragi
5.875195487507587,65.6828599670915,23.348458954925025,35.31071211227524,43.9086735057206,27.12248891844014,65.03535819182696,Ragi
6.855464559566007,42.83371153806158,27.41608395089695,44.17908246856844,39.51973531322985,26.56413134229673,56.568678329093835,Ragi
5.111960569723372,43.630471502459464,38.59969566268269,41.03501765879103,50.92691550959298,23.326545009050513,73.70634591541787,Ragi
5.989904267409983,68.37213878206882,34.951492721082204,44.610852629931586,35.92706538868559,25.496696690036913,68.67965815607259,Ragi
6.855684533212389,47.72025964568597,25.396669065821886,38.226924977630006,39.86739426812752,21.291839178087496,84.29659386603203,Ragi
6.116553048807832,65.840881568697,36.622695308073915,35.64084709579342,45.954748886485476,20.832177027400704,86.61007536123034,Ragi
5.808525430130306,51.81028551667064,26.055107412359064,39.21327489421408,40.03518773090896,23.748522727968044,81.99788194339527,Ragi
6.668511007170344,49.12547432885548,29.380288611055757,47.47639552560105,36.053466636593946,28.891449619957854,58.76737382609327,Ragi
6.357078488428751,57.47655089153801,31.058814963785043,47.18720449505643,37.03144287289322,23.470280253256362,71.53010985379062,Ragi
6.62257770789208,46.493292502350144,36.05859682748552,37.99276964987872,38.778277128673906,27.589864404434827,53.63595605898191,Ragi
6.029534748150886,41.91627351585665,27.12835710315575,42.02153598012785,46.122310829744265,24.046554179046666,67.16191975888464,Ragi
5.453539106701533,53.67647765272309,39.06509711441669,47.009058355675805,37.904657381526874,20.29780787320921,87.34097250866523,Ragi
6.053499499761495,56.135134694479234,35.614359914130446,36.29377947742653,44.638151376720046,29.686629131467377,76.88594747729628,Ragi
5.307490063991572,43.9968024395306,24.08529516666011,45.33423348841435,40.907540076812325,20.2138884667508,87.76697454022647,Ragi
5.3394268327898216,40.28674558444206,24.74263204766646,34.70057574236267,43.44010501691446,29.203898315000366,85.16739671116392,Ragi
5.913789109964856,52.32699714975419,31.100181729497024,34.86908023943531,36.04369983932726,29.392241361712067,57.46795939508691,Ragi
5.396801458491433,54.17380986561843,29.832266896806615,30.36868419401484,37.959094775479414,23.781548185607416,77.34922774042155,Ragi
5.456836913663872,52.69043338725288,31.146901294329336,47.77184989246584,41.521410046542464,21.335582658634834,69.57088903590433,Ragi
6.493443203368124,43.295792711582,28.493669833939208,30.35570282524967,35.671183632945024,24.829533632166658,61.92789192603718,Ragi
6.690214598010824,58.06462918379363,29.078659234859806,38.15870742108593,44.94490960379127,20.404388312126613,85.71173425682639,Ragi
6.996606311467916,45.44461374576096,22.407659295492394,32.871549268971904,48.22054116468735,26.614408384507747,83.91696649113644,Ragi
6.5036527768525065,53.49069020108019,32.25710723130638,43.76569340736016,45.2547294057045,24.756509844516366,75.80389782570613,Ragi
6.114949097951308,59.31826916007731,32.25709547926728,44.38393121027309,47.85607017565752,25.19742486437267,77.27187245137546,Ragi
5.898963930370856,47.250136779178035,20.02836440267831,41.19928294291687,46.81310453217282,29.72048964775714,64.45913336377102,Ragi
5.7882664856566235,46.05398744026571,21.410685904746437,45.456089857234815,39.9936212867865,26.08904861030038,77.51092142181926,Ragi
5.942473374583296,66.29056339081575,28.875896819594576,35.6981724608353,52.92031045923245,28.615642842499565,56.56159788305652,Ragi
5.0519220367078415,42.69956669048862,25.73094797107634,49.44519603483421,46.1703230632165,23.73261732029269,85.54864378450986,Ragi
5.906272662956999,49.45715885203063,38.82439057491315,46.99035332385356,51.87336750838882,25.12284743050213,81.5775359526182,Ragi
5.3587067185291035,57.19668872668731,39.676918456950915,35.819168610359235,50.8870465849535,24.904784072080673,51.592227328883496,Ragi
6.526038795631335,45.05707433176338,32.629471342655,31.713283880939457,53.9373479499193,22.917238871803608,59.05858766709579,Ragi
5.258272808132668,68.38006580017144,34.2380748488261,44.83321777436177,44.98809122760489,24.747277852704833,54.400849719659064,Ragi
6.119682191167984,47.407494853263714,39.542906656008114,45.93161880030294,43.259841203857754,21.51341258691533,81.41326764555136,Ragi
5.244107534162632,45.680012604912115,24.230410354884548,41.13781276546189,50.74113307980733,23.143148787246922,53.386792571011576,Ragi
5.929076927048838,62.44330723479807,24.433276861747764,34.398490960787484,53.94454054693422,29.54153727119178,89.61862928246305,Ragi
6.615319203149561,45.645525075038364,24.239630415985225,36.80450483044784,41.36265062666982,29.56527749078009,81.56295931526775,Ragi
6.448017584323107,45.57889672174395,38.19051118724659,46.557407590123475,38.272836826558475,28.711703319609725,60.889901454818855,Ragi
5.161739491664212,59.704669195426305,33.07609318768661,31.89864019131236,41.37703617873165,29.928144622555386,77.13706668034948,Ragi
6.460150333206658,46.38751856812917,21.575641420078288,35.53803379481875,39.97796770386384,22.34544100748053,57.71017287548158,Ragi
6.149511381310809,49.84310427525465,36.40690030095061,33.67894835694768,44.29254141737089,20.1365783642608,69.26729289820769,Ragi
5.111676441752949,69.33170535617931,35.811842573008256,39.80222953272911,36.731747163587,25.924454407904143,80.3505500280751,Ragi
5.381434506009491,57.046250223624725,36.284217967657355,45.364955552926325,51.05984035734306,28.793234248697196,87.5072840863788,Ragi
5.811042310407072,57.06307307568632,35.813190520912215,43.942796278915665,54.91040456528758,20.136776511046442,64.20532861263163,Ragi
5.562055852540405,47.86947550496604,24.450595649977714,44.18247681630458,36.69518946550644,27.416088339433383,77.73703368065094,Ragi
5.501608265001793,47.585013494954836,32.57721170689004,45.24342210967356,52.52971226174731,28.521395638544757,88.59531976655413,Ragi
6.162769790673022,67.25966684021078,36.17026546520822,47.89335248628027,35.232532025707336,29.65902991865811,68.94120651385913,Ragi
6.596365979149686,43.81612358013343,27.918821916279484,35.429213260419814,40.83317541001874,21.232556199508817,82.23055330172028,Ragi
5.018484629162156,49.37516370955608,23.488210864328302,41.78077881216681,40.08504805229088,22.589984545281,69.53352575981275,Ragi
6.305378078681851,43.63914113695491,23.510229049309924,34.94349489189035,54.47496428235921,23.971524999429203,73.95960362524106,Ragi
5.483085625431956,54.71378575472464,21.48238348771916,30.69484291844654,44.37467053642921,23.986592875184122,55.47521278767311,Ragi
6.375202857841467,69.78710472697793,27.912936423934248,42.49117271834789,54.25951884728971,28.315349724468753,68.54208893210743,Ragi
6.474978968919839,43.84405120751572,30.242077109275982,35.58120554359873,38.223273757923224,24.262809062545347,55.24058217734458,Ragi
6.397970216348972,53.687201321600064,30.622892651293277,32.92751877336314,37.79543322186989,25.83415435260124,89.40038991317786,Ragi
5.192501166475451,48.571942856973436,37.38918233075775,31.445440245104738,52.51771442733903,25.242859833747513,66.33067095705704,Ragi
5.619361128702912,48.91351474383526,26.116051648989576,47.69606161920392,49.47590460349571,26.697230078311506,81.94996595808003,Ragi
5.51422932600829,58.54128436245267,29.20132477915902,45.648832704003866,41.18512220946571,26.431786168698956,85.28849647269254,Ragi
5.804300952389857,41.99866262102384,30.321016446835856,36.91944975614052,48.4445076109435,29.510329247486062,69.42433271987389,Ragi
5.932380460311068,59.637544005743806,22.069950071871354,35.07012377850029,53.37958651000797,26.69942613363766,50.53776175933665,Ragi
5.40925094511804,60.485117980866974,35.287984051251485,46.797191453480835,40.8435360676409,29.310285962775627,72.11787574311569,Ragi
6.393078044775786,57.90216588339724,22.45480109349241,49.262293187697594,37.457511597883055,22.548819564111838,82.54511520891921,Ragi
6.237193923002203,65.14447496129071,30.3147237674809,37.5398647073327,53.4369099909557,20.36252317514795,84.24520881412184,Ragi
5.461635570375563,65.46208983261903,22.78393226833771,41.60437927381081,52.76215838022944,24.735396468988906,79.86266695213573,Ragi
6.609343235711117,62.09482626150337,38.506594737491966,38.93668461039857,38.462508783303115,20.4781106370248,59.8583947855002,Ragi
5.286395007760484,56.73846224303442,23.69890674423464,30.778674145787424,35.71979657737336,28.315694983648616,73.657997257721,Ragi
5.716170603786757,66.82684128220741,21.40393222815427,49.60644145455652,47.32583580508922,21.834642539688485,77.16276395907875,Ragi
6.526762519567125,52.88028350112323,37.23265212491095,33.01464814592941,40.57675167155217,20.9349236158399,58.43511362429409,Ragi
5.47745762382229,67.5289957276513,21.562193775023125,38.54830240375419,45.64797374453826,28.98693053802161,89.90784874644854,Ragi
6.506776229839671,69.12372971707089,35.74202265071747,49.26405281942833,49.145414518889105,20.79763425451071,66.07680747970706,Ragi
6.293194567604941,50.52155528362753,25.46767836227557,41.54798534266182,53.6700375340487,20.349818735161534,80.7692481416575,Ragi
6.445454556089254,68.91860276164861,38.61422444665087,45.244651240883854,45.40817529365197,22.0426755323352,71.80942873302297,Ragi
6.530703987839308,66.87007637913679,35.79424018421098,33.90533870382108,46.99372628456119,23.321734595313572,50.36822669562572,Ragi
5.400441871577332,43.396619498003474,36.854382470789375,35.17012504295624,40.69395937775111,29.599365717988842,65.16346892195409,Ragi
5.01917128028879,48.5153844503841,22.38599161203625,32.05617123471708,36.54974580271499,25.93259470175377,57.57390894519435,Ragi
5.722485588082021,65.8605314839005,28.486762795925515,48.31382700103275,44.95876106791212,23.988366148397557,80.01555708362807,Ragi
